Followers;Gender;BrandSource;Id;Label
162;male;;4jhndrck;4jhndrck
288;unknown;;6ixx_peach;6ixx_peach
50;unknown;;790mel;790mel
340;female;;876taylor_made;876taylor_made
521;female;;__carolinecc;__carolinecc
758;female;;__eclectica;__eclectica
403;female;;__lnsd;__lnsd
1130;female;;_chantelle_p;_chantelle_p
16;female;;_charfrances;_charfrances
159906;unknown;;_flex4u;_flex4u
110;female;;_hollygrace_;_hollygrace_
174;female;;_hollytweets;_hollytweets
659;male;;_kev_el;_kev_el
510;female;;_lilmamagrier_;_lilmamagrier_
338;male;;_midofo_;_midofo_
54;female;;_philipparuth;_philipparuth
1169;female;;_roxanne10_;_roxanne10_
2353;female;;_samanthaf_;_samanthaf_
665;female;;a_evangeli;a_evangeli
704;female;;abbeydiaz_says;abbeydiaz_says
405;female;;abbygigi1981;abbygigi1981
137839;unknown;;abcthedrum;abcthedrum
262;unknown;;abdul_mode;abdul_mode
970;unknown;;abey_australia;abey_australia
2251;unknown;;absoluteskinau;absoluteskinau
1164;female;;acahacker;acahacker
995;male;;acegiak;acegiak
18628;male;;adamferrier;adamferrier
1272;female;;addictivegrierr;addictivegrierr
51734;male;;adeldmeyer;adeldmeyer
1029;unknown;;adfowl;adfowl
94;unknown;;adjstrmembered;adjstrmembered
40138;unknown;;adnews;adnews
798;unknown;;adv_dermatology;adv_dermatology
40;unknown;;aestheticskin2;aestheticskin2
775;female;;afeministmother;afeministmother
417;unknown;;affiliatebyapd;affiliatebyapd
537;unknown;;affyb79;affyb79
10609;female;;aghcid;aghcid
581;unknown;;agrf_genomics;agrf_genomics
718;unknown;;ahaermeyer;ahaermeyer
405;unknown;;aia_sydneycbd;aia_sydneycbd
1150;female;;aiembicated;aiembicated
334;male;;alamyoosuff;alamyoosuff
1231;male;;aleeb88;aleeb88
1352;unknown;;alexburns;alexburns
122;unknown;;alexjgregg;alexjgregg
308;female;;alice3499;alice3499
146;female;;aliceburgum;aliceburgum
395;female;;aliceroared;aliceroared
106;female;;aliciaceleste;aliciaceleste
4739;male;;alisterrobbie;alisterrobbie
173;female;;allynnnns;allynnnns
3371;female;;almightyljp;almightyljp
226;female;;almostposh;almostposh
243;female;;almz_avila;almz_avila
16219;unknown;;ama_media;ama_media
1701;female;;ama_nsw;ama_nsw
172;female;;amarsh6annalise;amarsh6annalise
1176;unknown;;ambacomms;ambacomms
1763;female;;amber_wallace75;amber_wallace75
704;female;;amberp_w;amberp_w
57237;unknown;;amnestyoz;amnestyoz
106;female;;amoz1972;amoz1972
20;female;;amy_max_;amy_max_
1057;unknown;;amyuliyuli;amyuliyuli
2754;male;;anaestricks;anaestricks
584;female;;anahcaquino;anahcaquino
870;female;;anakinbiwalker;anakinbiwalker
32;female;;andrea_cafnik;andrea_cafnik
382;male;;andrewianwilson;andrewianwilson
2391;male;;andrewjtagg;andrewjtagg
26;male;;andrewpitkin2;andrewpitkin2
63;male;;andrewschnell51;andrewschnell51
842;male;;andy_merrick;andy_merrick
29;female;;angiechicky;angiechicky
165;female;;anitasarcastic;anitasarcastic
109;female;;annaxxx_;annaxxx_
18;female;;annburns19;annburns19
146;male;;anthony_thorpe;anthony_thorpe
19;male;;anthonyraphael_;anthonyraphael_
235;female;;antoniagage;antoniagage
442;female;;anytiffng;anytiffng
3123;unknown;;anzca;anzca
168;unknown;;anzspm16;anzspm16
320;female;;aoifehaigh123;aoifehaigh123
56;female;;aoifemcgreal1;aoifemcgreal1
298;unknown;;apairofones;apairofones
2806;female;;apicot;apicot
2035;male;;aptronym;aptronym
67;unknown;;apureindulgence;apureindulgence
12;unknown;;aretigav;aretigav
934;unknown;;arganbestprice;arganbestprice
49;unknown;;arksadd;arksadd
1973;male;;arnomichelin;arnomichelin
147;female;;arodcmarolf;arodcmarolf
2086;male;;asghaff;asghaff
33;male;;ash_riordan;ash_riordan
1241;unknown;;ashleyintheory;ashleyintheory
1114;female;;ashleywinn01;ashleywinn01
683;male;;ashtbc;ashtbc
3729;unknown;;askgerbil;askgerbil
20759;unknown;;assangefreedom;assangefreedom
1359;male;;asxwatcher007;asxwatcher007
854;male;;attackoftheclaw;attackoftheclaw
150;unknown;;au_gpreview;au_gpreview
39;unknown;;audermreviews;audermreviews
269;female;;auntycath1;auntycath1
170;male;;aus_contrarian;aus_contrarian
40;female;;auscdnpaula;auscdnpaula
1595;unknown;;ausmed;ausmed
8688;unknown;;aussie;aussie
58;unknown;;aussie4real;aussie4real
236;female;;aussietrudes;aussietrudes
238;unknown;;ausssc;ausssc
16886;unknown;;australiandr;australiandr
79;unknown;;aweacademy;aweacademy
891;female;;awkward_ella;awkward_ella
233;male;;ayyeeadrian;ayyeeadrian
87;male;;badbarbiemaraj;badbarbiemaraj
1231;female;;badrepdaniella;badrepdaniella
28;male;;bassemakladios;bassemakladios
728;female;;batoul_baz;batoul_baz
1630;unknown;;bbloggersau;bbloggersau
1429;male;;bbox;bbox
5695;unknown;;bdaustralia;bdaustralia
170;unknown;;bdhpinfo;bdhpinfo
17;unknown;;beautyatelierau;beautyatelierau
122;unknown;;beautybucketeer;beautybucketeer
61;female;;beautybyyvee;beautybyyvee
188;unknown;;beautycrew;beautycrew
2;unknown;;beautympoffical;beautympoffical
554;unknown;;beaverdugong;beaverdugong
112;female;;becabops34;becabops34
862;unknown;;becbrideson;becbrideson
273;female;;becky_k_white;becky_k_white
344;female;;becyyboo;becyyboo
365;female;;bee3105;bee3105
3703;unknown;;bellaboxaus;bellaboxaus
16500;female;;bellasspot;bellasspot
354;female;;beltcam;beltcam
17;female;;bethomatic71;bethomatic71
2686;unknown;;bffwithjc;bffwithjc
1303;unknown;;bieberxbutera;bieberxbutera
1877;male;;biomedethics;biomedethics
2488;unknown;;blissful1706;blissful1706
61;unknown;;blisteringdz;blisteringdz
619;unknown;;blue_planetpr;blue_planetpr
4798;female;;blueskyemining;blueskyemining
196;female;;blueyhamilton;blueyhamilton
388;female;;bogda_koczwara;bogda_koczwara
587;female;;booonani;booonani
8;female;;boothmaddy;boothmaddy
3948;male;;boyfromburleigh;boyfromburleigh
405;male;;bradmariano;bradmariano
4470;unknown;;bradrachelbart1;bradrachelbart1
185;male;;bradwmc;bradwmc
119;male;;brally;brally
2389;female;;brbkissed;brbkissed
1231;female;;brbxkiss;brbxkiss
2274;female;;british419er;british419er
3918;female;;brookmanknight;brookmanknight
514;male;;bryce0800;bryce0800
289;female;;bubblesaus;bubblesaus
6188;male;;budgeco;budgeco
219;unknown;;burneyeaus;burneyeaus
46300;unknown;;businesschicks;businesschicks
771;female;;byrdiebeautyau;byrdiebeautyau
12552;female;;caitfigueiredo;caitfigueiredo
1097;female;;caitlinsyrett;caitlinsyrett
652;unknown;;caitzeee;caitzeee
1742;female;;cam178;cam178
1478;female;;camalarcon;camalarcon
318;unknown;;cameronkimjones;cameronkimjones
1537;unknown;;campingstik;campingstik
5;male;;captainradon;captainradon
162;female;;carolin35724834;carolin35724834
1938;female;;carolinepritch3;carolinepritch3
175;female;;carolynbm;carolynbm
5939;unknown;;carouselworld;carouselworld
302;unknown;;cashh_mania;cashh_mania
3150;female;;cassyoconnormp;cassyoconnormp
550;female;;catherineataff;catherineataff
77;unknown;;cathgrey;cathgrey
5716;unknown;;ccqld;ccqld
146;female;;cdsumi87;cdsumi87
494;female;;ceceandgrace;ceceandgrace
369;unknown;;centenary0fcanb;centenary0fcanb
2273;unknown;;centenaryinst;centenaryinst
1397;female;;cerealwarz;cerealwarz
858;female;;cfwriter;cfwriter
0;unknown;;chatbottest;chatbottest
1920;female;;cheapexcuses;cheapexcuses
112;unknown;;chefoies;chefoies
324;female;;chelle_spia;chelle_spia
233;female;;chelseafordco;chelseafordco
151;female;;cherieangela4;cherieangela4
94;female;;cherrypieit;cherrypieit
555;male;;chewxy;chewxy
2504;unknown;;cheyennekemsley;cheyennekemsley
711;female;;chloegracejoy;chloegracejoy
1021;female;;chloeilovedelta;chloeilovedelta
753;unknown;;choisse_8_nous;choisse_8_nous
223;unknown;;chris9slater;chris9slater
691;female;;christieee__xo;christieee__xo
305;female;;christinamkhael;christinamkhael
319;female;;christinaveitch;christinaveitch
138;female;;cielomiu;cielomiu
1366;female;;cindyburke;cindyburke
580;female;;claremaxfield;claremaxfield
899;female;;cleanbeautytalk;cleanbeautytalk
394;female;;cmakeupmaniaah;cmakeupmaniaah
325;unknown;;cmri_aus;cmri_aus
328;male;;colmirgo;colmirgo
17;unknown;;colours_shadows;colours_shadows
131641;unknown;;conversationedu;conversationedu
7058;female;;coopesdetat;coopesdetat
4677;female;;coraliealison;coraliealison
1371;male;;corbetron;corbetron
210;female;;coreen085;coreen085
4666;male;;corruptnsw;corruptnsw
594;unknown;;cpradelaide;cpradelaide
1075;female;;cravinggdallass;cravinggdallass
214;unknown;;cre_telehealth;cre_telehealth
3781;male;;createdevelop;createdevelop
23;female;;crimsonthunder_;crimsonthunder_
4356;male;;critchleybob;critchleybob
3753;unknown;;croakeynews;croakeynews
29;female;;cstensved;cstensved
12940;male;;cutequeer96;cutequeer96
26206;unknown;;cybermum_au;cybermum_au
30;unknown;;cygnet1711;cygnet1711
1214;male;;d_mucli;d_mucli
1373;unknown;;da8tingsites;da8tingsites
36;male;;damianjtopp;damianjtopp
2;male;;damonbenno;damonbenno
873;female;;dangerdolanss;dangerdolanss
661;female;;daniellenacpil;daniellenacpil
331;female;;danika_ferguson;danika_ferguson
828;female;;daniletoullec;daniletoullec
95;unknown;;danniwrightdw;danniwrightdw
297;unknown;;danojack1;danojack1
119;unknown;;darlynjame;darlynjame
1903;male;;darrenjones00;darrenjones00
643;male;;davepellowe;davepellowe
497;male;;david_bui_;david_bui_
1309;male;;davidburt8;davidburt8
1971;male;;davidquattrucci;davidquattrucci
669;female;;davinaleecooper;davinaleecooper
269;unknown;;davinlim1971;davinlim1971
178;unknown;;davroe;davroe
12277;male;;ddsd;ddsd
495;female;;deborahtobias;deborahtobias
219;unknown;;decertatio;decertatio
4;female;;dee_kempson;dee_kempson
26112;female;;deemadigan;deemadigan
626;female;;demardollsivan;demardollsivan
17793;unknown;;dentistbrisbane;dentistbrisbane
167;male;;derick_kruis;derick_kruis
6895;unknown;;dermalogicaaus;dermalogicaaus
34;unknown;;dermatologyaust;dermatologyaust
1987;female;;desiresfool;desiresfool
40;unknown;;deva_ang;deva_ang
582;unknown;;dgoaim;dgoaim
1063;female;;dhlangbecker;dhlangbecker
578;unknown;;dialydiya;dialydiya
90;female;;dianna_kenny;dianna_kenny
1248;female;;dieselmydog;dieselmydog
5637;female;;digital_tanya;digital_tanya
90;female;;digyhu;digyhu
68;female;;dimitystatheos;dimitystatheos
252;female;;dinethra_menon;dinethra_menon
1334;female;;dinnykayo;dinnykayo
383;female;;discountdealau;discountdealau
1719;female;;diva_ex_machina;diva_ex_machina
338;unknown;;djoll;djoll
585;male;;docandrewj;docandrewj
200;male;;docmartyaus;docmartyaus
712;male;;doctor_wylde;doctor_wylde
1489;male;;doctorjeph;doctorjeph
140;unknown;;doctorpjr;doctorpjr
197;unknown;;donalyngarcia;donalyngarcia
54;female;;doochilou;doochilou
1231;male;;dr_chi_li;dr_chi_li
805;female;;dr_polarbird;dr_polarbird
524;unknown;;dranneline;dranneline
33;unknown;;drbarsoumr;drbarsoumr
598;female;;drcford;drcford
140;female;;drclareburns;drclareburns
2113;female;;drdina1;drdina1
1188;female;;dreamyhoying;dreamyhoying
5878;male;;drericlevi;drericlevi
134;female;;drhutch2011;drhutch2011
2107;male;;drjustincoleman;drjustincoleman
563;unknown;;drkirrilly;drkirrilly
45;male;;drliamcaffery;drliamcaffery
1123;female;;drmelob;drmelob
5;unknown;;drmerlyn;drmerlyn
95;male;;drmichaelp;drmichaelp
231;unknown;;drmichaeltirant;drmichaeltirant
203;male;;drmlivingston;drmlivingston
48;unknown;;drnatashacook;drnatashacook
52;male;;drnigelarmfield;drnigelarmfield
1548;male;;drpaulharrigan;drpaulharrigan
18;male;;drpeterleighton;drpeterleighton
18;male;;drphiltong;drphiltong
13549;male;;drrimmer;drrimmer
218;unknown;;drsachasb;drsachasb
1042;male;;drsaxonsmith;drsaxonsmith
2019;female;;dssayed;dssayed
788;unknown;;dustyspades;dustyspades
269;female;;dvora_olds;dvora_olds
2;female;;dwb2109;dwb2109
2011;female;;edamemebeans;edamemebeans
124;male;;eddieedsplosion;eddieedsplosion
19789;male;;edjlazar;edjlazar
793;male;;edwardjgrugiii;edwardjgrugiii
1068;unknown;;ehealthqld;ehealthqld
273;female;;eiodyw;eiodyw
627;female;;ejadebishop;ejadebishop
6628;female;;eleytherius;eleytherius
2912;female;;elissa_campbell;elissa_campbell
297;female;;elizabethconto2;elizabethconto2
1511;female;;elizaclairem;elizaclairem
154;female;;ellajmumby;ellajmumby
7;unknown;;ellewolfhagen;ellewolfhagen
362;male;;elliott_rohan;elliott_rohan
1461;unknown;;ellisonamy;ellisonamy
180;female;;ellymooq;ellymooq
89;unknown;;elphrat;elphrat
110;female;;em_ilee;em_ilee
804;female;;emerald_cg;emerald_cg
1075;female;;emiiyjade;emiiyjade
54;female;;emmalpw12;emmalpw12
11;female;;emmamstirling;emmamstirling
947;female;;emmaparsons23;emmaparsons23
3877;female;;empire_angiez;empire_angiez
3814;female;;emsharley;emsharley
13;female;;emsteele1;emsteele1
469;male;;enchikhyde;enchikhyde
176;unknown;;enrichclinic;enrichclinic
98;unknown;;epworthgp;epworthgp
2711;male;;erikveland;erikveland
6084;male;;ern_malleyscrub;ern_malleyscrub
10960;female;;eroticniallh;eroticniallh
1531;female;;esme35975435;esme35975435
2998;male;;esseeeayeenn;esseeeayeenn
5286;female;;essjayeff;essjayeff
767;male;;euanj_thomas;euanj_thomas
987;male;;facesonyou;facesonyou
1969;female;;faizatariq2008;faizatariq2008
1432;male;;fatchoi27;fatchoi27
122924;unknown;;fatherbob;fatherbob
1502;female;;feministbec;feministbec
20375;male;;ferghim;ferghim
758;male;;ferguskibble;ferguskibble
1049;unknown;;fewingsbj;fewingsbj
1492;female;;fibromodem;fibromodem
1540;unknown;;fightonthebeach;fightonthebeach
42;unknown;;finesse_doctor;finesse_doctor
233;female;;fionadavies8;fionadavies8
1344;female;;fionagillen2013;fionagillen2013
4227;unknown;;flashyn;flashyn
1243;unknown;;forever_we_grow;forever_we_grow
1835;unknown;;forwardagencypr;forwardagencypr
910;female;;frantasticmaiya;frantasticmaiya
414;unknown;;freemagazinesyd;freemagazinesyd
54;male;;fuckersmanifest;fuckersmanifest
585;male;;fullboonta;fullboonta
45;unknown;;funnysmells;funnysmells
817;unknown;;fyeummumusa;fyeummumusa
14;female;;gabimckenzie;gabimckenzie
525;female;;garland_paige;garland_paige
543;female;;garylai1997;garylai1997
605;male;;gaya12thri;gaya12thri
67;male;;gazalucci;gazalucci
188;female;;geleneiquez74;geleneiquez74
799;male;;gem_gem_jade;gem_gem_jade
6952;unknown;;genero;genero
471;male;;geophro;geophro
6146;unknown;;georgeinstitute;georgeinstitute
825;female;;georgiadebono;georgiadebono
1750;male;;gerrygannon;gerrygannon
2994;male;;getaskincheck;getaskincheck
128;unknown;;getprettyau;getprettyau
39;unknown;;getremarkable;getremarkable
28;female;;gibboanddal;gibboanddal
1568;unknown;;gillianmccord;gillianmccord
178;female;;gilliespace;gilliespace
327;unknown;;givecancerquack;givecancerquack
69;unknown;;glambymark;glambymark
171;unknown;;gloskinbody;gloskinbody
573;unknown;;gmeded_au;gmeded_au
295;unknown;;gmwomen;gmwomen
934;unknown;;goldwynpope;goldwynpope
711;female;;goshling;goshling
346;male;;grantmerlfield;grantmerlfield
2282;unknown;;grittyprettyed;grittyprettyed
1384;female;;hagsie;hagsie
21965;male;;haiaielperez;haiaielperez
957;female;;haleyunscripted;haleyunscripted
173;male;;harpeler;harpeler
392;male;;harradine1001;harradine1001
746;female;;hayley_barbera;hayley_barbera
74;female;;hazel_rhodes1;hazel_rhodes1
14761;unknown;;healthinomics;healthinomics
161;female;;heatheriwatkins;heatheriwatkins
67;female;;helcat22;helcat22
172;female;;heligolightly;heligolightly
1;unknown;;helloskinmart;helloskinmart
37;female;;helwalkturn;helwalkturn
482;unknown;;herquarters;herquarters
218;female;;hinakosays;hinakosays
56;female;;hippychicky55;hippychicky55
26;male;;hkalex83;hkalex83
377;unknown;;hlthequitymdhs;hlthequitymdhs
1162;female;;hmdcruzd;hmdcruzd
508;female;;hollylaslo;hollylaslo
18074;unknown;;hollywoodtrmnt;hollywoodtrmnt
294;unknown;;holygrailbeaut1;holygrailbeaut1
6508;male;;hoodftmendes;hoodftmendes
1053;male;;hoseokjinyoongi;hoseokjinyoongi
320;female;;hossaigul;hossaigul
764;unknown;;hpsoyer;hpsoyer
266;male;;hughbinks;hughbinks
62056;male;;hughriminton;hughriminton
433;female;;hyperglavin;hyperglavin
316;unknown;;i20brisbane;i20brisbane
1276;male;;i_am_clovitus;i_am_clovitus
856;female;;iamdaniela;iamdaniela
210;female;;iamjannn;iamjannn
39;male;;iamsefjam;iamsefjam
3448;male;;iamsimbaaah;iamsimbaaah
710;male;;ianmessum;ianmessum
16;unknown;;ieemus;ieemus
3076;unknown;;ifuckwithmiley;ifuckwithmiley
696;male;;iitalw;iitalw
3332;female;;immi_gartside;immi_gartside
276;female;;innesbrowna;innesbrowna
62703;unknown;;insightsbs;insightsbs
524;unknown;;intsocderm;intsocderm
401;female;;invertedbee;invertedbee
1677;unknown;;invest_brisbane;invest_brisbane
3431;unknown;;itstaaylor;itstaaylor
1792;male;;itstalecia;itstalecia
144;female;;ivankaprichard;ivankaprichard
187;unknown;;izzyluvstroye;izzyluvstroye
179;unknown;;j0rdanendshere;j0rdanendshere
59;female;;j_niffa;j_niffa
243;male;;jaackkkd;jaackkkd
862;male;;jac15_9;jac15_9
889;male;;jachar90;jachar90
3491;female;;jacki_liddle;jacki_liddle
508;male;;jacksonlangford;jacksonlangford
552;female;;jacobsmellet;jacobsmellet
7929;female;;jacquiegs;jacquiegs
808;female;;jaipapi1;jaipapi1
70;male;;jakenorris85;jakenorris85
208;male;;jameskbrooks;jameskbrooks
11669;male;;jamesmathison;jamesmathison
531;unknown;;jamie_doran;jamie_doran
45385;unknown;;jamieandniks;jamieandniks
473;unknown;;jamieandrei;jamieandrei
16853;female;;jamilarizvi;jamilarizvi
1116;female;;janetbackstage;janetbackstage
304;female;;janisjohnson2;janisjohnson2
295;unknown;;jankurdt;jankurdt
530;male;;jarradmitchell;jarradmitchell
38;male;;jas0nkhsu;jas0nkhsu
406;male;;jasonmills77;jasonmills77
377;male;;jasonqueue;jasonqueue
624;male;;jasonroberts_pk;jasonroberts_pk
496;male;;jay96;jay96
1362;female;;jaz_medicine;jaz_medicine
935;female;;jemmamarie_xx;jemmamarie_xx
729;female;;jenhock13;jenhock13
9712;female;;jennibeattie;jennibeattie
5039;female;;jennineak;jennineak
4220;female;;jenny_stem;jenny_stem
1063;male;;jess5soshemmo;jess5soshemmo
275;male;;jesseankh;jesseankh
43;male;;jessejwalker;jessejwalker
2938;female;;jesshealywalton;jesshealywalton
556;female;;jessica_roman0;jessica_roman0
38;female;;jessicasimone03;jessicasimone03
628;female;;jiangyin;jiangyin
580;female;;jillruzza;jillruzza
40;female;;jjm7530;jjm7530
671;female;;jodimclark;jodimclark
149;male;;joel_winz;joel_winz
1034;male;;johnacrimmins;johnacrimmins
265;male;;johnhollloake;johnhollloake
134;male;;johnjbhux;johnjbhux
483;female;;jolintsai130;jolintsai130
620;male;;jordanhoran16;jordanhoran16
133;unknown;;jorja_xo;jorja_xo
317;female;;josbowles;josbowles
290;female;;josephine_sch;josephine_sch
415;male;;joshy206;joshy206
310;male;;joshyboi88;joshyboi88
1094;male;;juliennekayla;juliennekayla
442;female;;jus_de_fruit;jus_de_fruit
676;male;;justinskians_;justinskians_
1967;unknown;;justsocialize;justsocialize
34;unknown;;kachigmalyan;kachigmalyan
378;female;;kaihodgkin;kaihodgkin
228;female;;kaitlyncooney03;kaitlyncooney03
7801;male;;kangaroobeach;kangaroobeach
14;male;;kapposd;kapposd
163;male;;kaptain_kaos;kaptain_kaos
40;unknown;;kari_shah;kari_shah
387;male;;karlskib;karlskib
160;female;;kate_carnell;kate_carnell
4030;female;;kateemerson88;kateemerson88
289;female;;katiet75;katiet75
258;unknown;;katshepsutt;katshepsutt
1200;female;;kattitude3;kattitude3
23;female;;katwat1;katwat1
651;female;;keevatbj;keevatbj
2053;male;;kerrygoldwyn;kerrygoldwyn
15793;male;;ketaminh;ketaminh
2135;male;;kevinmorgantas;kevinmorgantas
50;male;;kiakho;kiakho
72;unknown;;kimclarkey;kimclarkey
1144;unknown;;kitkatsholt;kitkatsholt
1752;female;;kittenflower;kittenflower
3218;female;;kiwicreatures;kiwicreatures
59978;female;;kkeneally;kkeneally
200;male;;kopeckizlatko;kopeckizlatko
689;female;;kreenash;kreenash
376;female;;ktasanders;ktasanders
9;unknown;;kuroshparsi;kuroshparsi
434;male;;kylanw2000;kylanw2000
514605;male;;kyleandjackieo;kyleandjackieo
2724;female;;kymtje;kymtje
3399;female;;labmuffin;labmuffin
308;unknown;;lamodeeternelle;lamodeeternelle
200;male;;lantudor;lantudor
1183;unknown;;larocheposay_au;larocheposay_au
3344;unknown;;larry_is_love18;larry_is_love18
14;unknown;;lasercareaust;lasercareaust
3425;female;;lauralm88;lauralm88
340;male;;lavalounger;lavalounger
2799;unknown;;lazerzap;lazerzap
217;unknown;;le_shill;le_shill
9268;unknown;;leahvibescsgo;leahvibescsgo
1555;female;;leather_lattes;leather_lattes
9567;female;;leighacampbell;leighacampbell
10911;male;;len41;len41
338;female;;leobienosa;leobienosa
1985;female;;leprechaunjack7;leprechaunjack7
64;unknown;;letowynnyt;letowynnyt
378;female;;librariannaoz;librariannaoz
45;unknown;;lifeiinherbs;lifeiinherbs
27;female;;lildamekl;lildamekl
179;female;;lillydayx;lillydayx
1650;female;;lilyrmunroe;lilyrmunroe
676;female;;lindivine;lindivine
46;female;;linnyj61;linnyj61
61;unknown;;liquiditii;liquiditii
1091;female;;lisa_h_amir;lisa_h_amir
659;female;;lisaczepiel;lisaczepiel
15;female;;lisatom106;lisatom106
525;female;;lissagiedraitis;lissagiedraitis
74;female;;livssunshine;livssunshine
301;female;;lizchristensen2;lizchristensen2
854;female;;lizziebknight;lizziebknight
253;female;;lladymax;lladymax
444;female;;lnl_rosa;lnl_rosa
2099;unknown;;lookmuchyounger;lookmuchyounger
6653;unknown;;lorealaustralia;lorealaustralia
385;female;;lovefaith_hope;lovefaith_hope
99;female;;lovelifecrystal;lovelifecrystal
134;female;;loveluce_xo;loveluce_xo
1368;female;;lovinggrimmeh;lovinggrimmeh
1107;male;;lucasli9125;lucasli9125
1536;female;;lucindawright_;lucindawright_
735;female;;lucy_macarthur;lucy_macarthur
1494;female;;lurksides;lurksides
1202;female;;lynholdsworth26;lynholdsworth26
512;male;;maccapolitical;maccapolitical
205;female;;maddydale1;maddydale1
55;female;;madelinelaffey;madelinelaffey
1984;female;;madvet2000;madvet2000
1035;female;;madzsux666;madzsux666
2154;female;;maggersz;maggersz
126;female;;manallxox;manallxox
523;female;;mango_smut;mango_smut
74;female;;mardiek;mardiek
1140;female;;mariafarmerpr;mariafarmerpr
2723;female;;maritacowie;maritacowie
1037;female;;marryinb;marryinb
161;female;;marthasmadrigal;marthasmadrigal
1385;male;;martin_sanna;martin_sanna
4380;male;;martinwalsh;martinwalsh
22;female;;marya_kenya254;marya_kenya254
45;female;;maryannhuth;maryannhuth
532;male;;mashxtowin;mashxtowin
1025;female;;mathildesselle;mathildesselle
396;male;;mattbrick1;mattbrick1
27;male;;matthewweir18;matthewweir18
7809;male;;maxoberonauthor;maxoberonauthor
159;unknown;;may_april_rose;may_april_rose
171;unknown;;maylisa805;maylisa805
93;female;;mbbl_tweets;mbbl_tweets
994;female;;mbpaperpackages;mbpaperpackages
2306;male;;mbrown_beauty;mbrown_beauty
1943;unknown;;mbtreazrae;mbtreazrae
15638;male;;mcjsbusiness;mcjsbusiness
389;unknown;;mcmdigitalau;mcmdigitalau
3376;female;;mdmabsentminded;mdmabsentminded
276;female;;meagziking;meagziking
3584;unknown;;mediascope_;mediascope_
7614;unknown;;meisshaily;meisshaily
21;male;;mel_cocker;mel_cocker
16580;unknown;;melbourneyum;melbourneyum
274;male;;melframe;melframe
125;female;;meliaxford;meliaxford
348;female;;melissakblair;melissakblair
10211;male;;melkettle;melkettle
514;female;;melkingit;melkingit
1081;female;;melliszewski;melliszewski
19;female;;melmc13;melmc13
2752;female;;mgr16;mgr16
170;female;;michelleleech5;michelleleech5
6;male;;mikeguelfi;mikeguelfi
827;unknown;;mikeyr1973;mikeyr1973
5;male;;mikoyamada1086;mikoyamada1086
379;female;;mimijazman;mimijazman
1493;unknown;;mincle;mincle
1556;unknown;;mingylong;mingylong
282;female;;mischbypls;mischbypls
64;female;;mishfee;mishfee
233;female;;miss_tanny;miss_tanny
33;unknown;;missannaqian;missannaqian
54;female;;missgtbeauty;missgtbeauty
3564;female;;misskylie77;misskylie77
2073;male;;mitchills;mitchills
695;male;;mixtapehero;mixtapehero
1380;female;;mm_ssssshh;mm_ssssshh
3098;unknown;;mnuglobal;mnuglobal
163;unknown;;model_appetite;model_appetite
633;unknown;;modibodi;modibodi
10;female;;monica_melb;monica_melb
3894;unknown;;mortimershole;mortimershole
605;female;;mrodriguesmd;mrodriguesmd
2339;male;;mrrosshalliday;mrrosshalliday
6430;female;;mrsbrownno3;mrsbrownno3
1640;male;;mrwebmarketing;mrwebmarketing
775;female;;ms_franklin_vp;ms_franklin_vp
455;female;;ms_iles;ms_iles
1109;female;;ms_jelena_x;ms_jelena_x
59;female;;ms_maire;ms_maire
1128;female;;msmansk;msmansk
303;female;;msmel13;msmel13
434;female;;mssfairchild;mssfairchild
126;female;;mstessalexandra;mstessalexandra
3266;female;;msveruca;msveruca
376;male;;muazammirazman;muazammirazman
1484;female;;mumconfession;mumconfession
327;male;;muppet_poolie;muppet_poolie
4884;unknown;;mystic_medusa;mystic_medusa
208;unknown;;naevicre;naevicre
166;female;;nakedgardiner;nakedgardiner
308;unknown;;nameslike_james;nameslike_james
54;female;;nani_ilyani;nani_ilyani
1195;female;;nashgriieerrrr;nashgriieerrrr
29687;female;;nashoskian;nashoskian
286;female;;nataliee__marie;nataliee__marie
123;male;;nathantoll_;nathantoll_
487;female;;nattydb;nattydb
19;female;;nattym21;nattym21
189;unknown;;nebby_99;nebby_99
34;unknown;;neeraj_sci;neeraj_sci
85;female;;neiltilbrook;neiltilbrook
168;female;;neonchipmunk;neonchipmunk
1209;unknown;;newswatchoz;newswatchoz
536;female;;nic_jameson;nic_jameson
35;male;;nickhongsenglee;nickhongsenglee
1829;male;;nickosbaldiston;nickosbaldiston
5805;female;;nicolejensen;nicolejensen
123;female;;nicoleliebmann;nicoleliebmann
1326;female;;nikdigital;nikdigital
443;female;;nikiromeyn7;nikiromeyn7
68;female;;nikkierinmusic;nikkierinmusic
13;female;;nikkimeyer;nikkimeyer
46;female;;ninaashfield;ninaashfield
209;unknown;;nivvelankar;nivvelankar
308;unknown;;nizzasiano;nizzasiano
1647;female;;nkasparian;nkasparian
1499;male;;nlafanclub;nlafanclub
0;male;;none;none
303;unknown;;noodlegirl2010;noodlegirl2010
1115;unknown;;nos4int;nos4int
141;unknown;;notasheepyet;notasheepyet
48;unknown;;nrfhmc;nrfhmc
387;unknown;;nsdermatology;nsdermatology
1663;male;;nsmale;nsmale
159;male;;nydiadavilama;nydiadavilama
228;female;;nzuccca;nzuccca
4506;male;;o2ldolan;o2ldolan
1145;female;;oakydolan;oakydolan
2452;unknown;;ochreblue;ochreblue
60;female;;officalac_;officalac_
691;female;;ohmeplums;ohmeplums
8551;female;;olgaolha;olgaolha
21;female;;oliveli994111;oliveli994111
148;unknown;;omfgrules;omfgrules
387;female;;onelastnash;onelastnash
203;unknown;;oneninetynine;oneninetynine
1812;male;;onikaredz;onikaredz
481;unknown;;ontakt;ontakt
65;unknown;;orendamagau;orendamagau
10;male;;oscarelmahdy;oscarelmahdy
1129;unknown;;ourfemeconomy;ourfemeconomy
503;unknown;;ozbeautydeals;ozbeautydeals
2791;unknown;;ozdermatologist;ozdermatologist
15357;unknown;;ozharvest;ozharvest
536;male;;ozproductjunkie;ozproductjunkie
527;male;;padstamundo;padstamundo
2562;unknown;;pahospital;pahospital
675;unknown;;papermagnolia;papermagnolia
799;unknown;;parfoundation;parfoundation
61;female;;parsacarly;parsacarly
358;female;;patrushkaz;patrushkaz
237;male;;paulrigby7;paulrigby7
2889;unknown;;people_reel;people_reel
34;unknown;;perfectcanvasay;perfectcanvasay
493;unknown;;periopttecho;periopttecho
1021;male;;persuasiveprose;persuasiveprose
341;male;;petehong86;petehong86
1134;male;;peterdoyley;peterdoyley
73;unknown;;pharm_unimelb;pharm_unimelb
3005;unknown;;pharmacydaily;pharmacydaily
2126;male;;pieashy;pieashy
665;female;;pinkbyness;pinkbyness
461;female;;pirinoes;pirinoes
121;female;;pissedachios;pissedachios
702;unknown;;pitrko;pitrko
4651;female;;plasticdiaries;plasticdiaries
26;unknown;;platinumderma;platinumderma
2470;female;;pollymaeve;pollymaeve
859;female;;polyrizumu;polyrizumu
209;female;;pony_farts;pony_farts
34;unknown;;popamnesty;popamnesty
1062;unknown;;prachipreaches;prachipreaches
84;unknown;;prajwaltuladhar;prajwaltuladhar
1173;unknown;;pray4merder;pray4merder
24439;unknown;;pricelineau;pricelineau
32;male;;primalhit;primalhit
981;unknown;;priyant1987;priyant1987
368;unknown;;proactivaus;proactivaus
3021;unknown;;probeauty_aust;probeauty_aust
5;unknown;;prodermal;prodermal
8;unknown;;productunveil;productunveil
546;female;;professorjanna;professorjanna
75;female;;prue_donovan;prue_donovan
5007;female;;prufrockery;prufrockery
863;unknown;;pshaustralia;pshaustralia
86;unknown;;purplecuri_;purplecuri_
527;unknown;;purposepeople;purposepeople
1209;unknown;;puttatweets;puttatweets
49;male;;pws5678;pws5678
729;unknown;;qcifltd;qcifltd
2361;unknown;;qimrberghofer;qimrberghofer
191;unknown;;qldgenomics;qldgenomics
1508;female;;quincydgarin;quincydgarin
46;unknown;;quinn_gascoine;quinn_gascoine
496;unknown;;qut_ihbi;qut_ihbi
19245;unknown;;qutmedia;qutmedia
15064;unknown;;racgp;racgp
774;female;;rainamacintyre;rainamacintyre
2085;male;;ralphd2;ralphd2
462;unknown;;rasi_xoxo;rasi_xoxo
343;female;;rdisposition;rdisposition
2393;unknown;;re_elfashion;re_elfashion
484;unknown;;realdoseofdee;realdoseofdee
195;female;;rebeccajacovou;rebeccajacovou
759;female;;redfernmichelle;redfernmichelle
723;unknown;;reelax1_;reelax1_
22;female;;reenieculjak;reenieculjak
6233;female;;reign_coco;reign_coco
334;female;;renata_pirata;renata_pirata
0;unknown;;reportwe;reportwe
1238;unknown;;researchrevaus;researchrevaus
1187;unknown;;rfheartnm;rfheartnm
12069;unknown;;rgenci57;rgenci57
32;male;;rgv_2000;rgv_2000
4959;female;;rheemor;rheemor
1833;male;;richaod;richaod
141;male;;richard_rmgs;richard_rmgs
318;unknown;;ristro24;ristro24
1055;male;;robvnet;robvnet
306;unknown;;rockmafiaaussie;rockmafiaaussie
824;male;;rodbamberry;rodbamberry
26;unknown;;rollinndolann;rollinndolann
494;female;;romcdonald;romcdonald
39;unknown;;roosh_w;roosh_w
3537;male;;ross1coe;ross1coe
80;unknown;;roud7734;roud7734
3;female;;ruby_walsh95;ruby_walsh95
1106;male;;russellallert;russellallert
19347;unknown;;rustyroar;rustyroar
291;female;;ruthstarke;ruthstarke
1361;unknown;;ry_comau;ry_comau
6;unknown;;sadhbhis;sadhbhis
1223;female;;safetysaunge;safetysaunge
1114;female;;sal_star1;sal_star1
435;female;;salinasydney;salinasydney
44213;female;;sallyjsara;sallyjsara
28;unknown;;sam_weingott;sam_weingott
528;female;;samanthaswai;samanthaswai
3627;female;;samantixism;samantixism
31313;male;;sampavin;sampavin
121;female;;samwinterland;samwinterland
1736;female;;sandraturner49;sandraturner49
3623;female;;sandyfeetaus;sandyfeetaus
2213;female;;sarahjbuckley;sarahjbuckley
52;female;;sarahlamothe4;sarahlamothe4
340;female;;satuc;satuc
172;female;;sausageeyeroll;sausageeyeroll
105;unknown;;savvysaverau;savvysaverau
36;female;;scbeauty;scbeauty
806;unknown;;sciencemarchbne;sciencemarchbne
586;male;;scottjok;scottjok
5606;male;;scroggstl;scroggstl
73;male;;scuraido;scuraido
1728;male;;seangeoghegan;seangeoghegan
1306;female;;secondcaylen;secondcaylen
342;female;;seren14dipity;seren14dipity
36;female;;serenamleigh;serenamleigh
24;female;;shaniquaqks;shaniquaqks
2;unknown;;shannon_hussey1;shannon_hussey1
1467;unknown;;sharonclues;sharonclues
412;female;;sharonfajou;sharonfajou
6693;female;;sharonsmakeup;sharonsmakeup
90929;male;;shaunsivan;shaunsivan
586;female;;shazanfar;shazanfar
755;female;;sheiseryn;sheiseryn
1206;unknown;;shinyglitterbug;shinyglitterbug
9;unknown;;shnxr;shnxr
2179;unknown;;shockresistant2;shockresistant2
575;male;;shortfunnyguy;shortfunnyguy
1791;male;;shrydar;shrydar
3583;unknown;;shuboogie;shuboogie
506;female;;siennarosaa;siennarosaa
702;male;;sincerlysyd;sincerlysyd
392;female;;sinea1316;sinea1316
56;female;;siobhanbarry_;siobhanbarry_
668;male;;sirive;sirive
141;male;;skincancerguru;skincancerguru
751;unknown;;skincarestore;skincarestore
1882;female;;skinfitlife;skinfitlife
6325;male;;skinpathology;skinpathology
76;unknown;;skinplusderm;skinplusderm
2501;male;;skiposs;skiposs
588;male;;slbaldry;slbaldry
566;unknown;;sleepandwater;sleepandwater
494;male;;sloanranger77;sloanranger77
10365;unknown;;snackbarass;snackbarass
140;male;;snapphotomatt;snapphotomatt
7553;unknown;;snorlaxmonster;snorlaxmonster
2769;female;;socalledmel;socalledmel
7697;unknown;;socialchangeaus;socialchangeaus
1739;female;;soniastyling;soniastyling
92;female;;soph_wattsy;soph_wattsy
82;female;;sophiakevans;sophiakevans
69;female;;sophie_bella13;sophie_bella13
683;male;;soul_james;soul_james
1927;female;;soundscaper;soundscaper
23;female;;spark0ver;spark0ver
370;female;;sphleaa;sphleaa
765;male;;spinzig;spinzig
3061;unknown;;sqrlst;sqrlst
210;male;;stefanobris;stefanobris
24;female;;steffiejade;steffiejade
1908;female;;stephaniemaii_x;stephaniemaii_x
99;male;;stephen51880133;stephen51880133
573;male;;stepupdigital;stepupdigital
6315;female;;stylebysusana;stylebysusana
34;unknown;;styleguytv;styleguytv
13294;female;;stylingyou;stylingyou
2516;female;;sudharmapala;sudharmapala
2407;female;;sueken;sueken
1026;female;;suenorr11888815;suenorr11888815
2664;female;;sunday_chapter;sunday_chapter
138;unknown;;sundicatorsaus;sundicatorsaus
250;male;;sunnycsharma;sunnycsharma
6;unknown;;supermadchick;supermadchick
22918;female;;superstarphenom;superstarphenom
4986;female;;suthernx;suthernx
6964;female;;suzyjacobs;suzyjacobs
0;female;;sweetawareness;sweetawareness
354;female;;syahmiraazwa;syahmiraazwa
1216;unknown;;sydcommfdn;sydcommfdn
16519;female;;sydneychicblog;sydneychicblog
7043;unknown;;sydneydigital;sydneydigital
911;female;;sydniki;sydniki
1607;female;;symonsbrown;symonsbrown
295;male;;synaptickid;synaptickid
22097;male;;szebastianonne;szebastianonne
5474;unknown;;tafensw;tafensw
314;female;;tamacoleo;tamacoleo
537;female;;tamikaskyy;tamikaskyy
61;unknown;;tarlprow;tarlprow
294;male;;tayroser5;tayroser5
55;unknown;;tbcchats;tbcchats
1034;male;;tcamerontodd;tcamerontodd
362;unknown;;tcox_lab;tcox_lab
1436;male;;team_duxywoo;team_duxywoo
10724;unknown;;teamdaley;teamdaley
457;female;;teekayp;teekayp
2492;female;;terripsiakis;terripsiakis
34;male;;thanhvyn;thanhvyn
87;unknown;;thatsdruidic;thatsdruidic
1300;unknown;;thedailymark;thedailymark
383;female;;thedaisygardner;thedaisygardner
902;male;;thehealthygp;thehealthygp
941;female;;thekathoyos;thekathoyos
419;unknown;;thelabfeed;thelabfeed
482;female;;thelifeof_laura;thelifeof_laura
1108;female;;themrsfae;themrsfae
124;male;;thenathanparker;thenathanparker
1133;female;;theotherbrodie;theotherbrodie
502979;unknown;;theprojecttv;theprojecttv
979;male;;thepunkrockshop;thepunkrockshop
1254;unknown;;theredwitch;theredwitch
562;female;;theremotecoach;theremotecoach
8639;female;;theriseofgomez;theriseofgomez
774;unknown;;theriverfed;theriverfed
658;unknown;;thestyletrust;thestyletrust
3130;unknown;;thesydneygloss;thesydneygloss
594;female;;thetelling;thetelling
328;female;;thetiamari_oz;thetiamari_oz
270;female;;thetkennedy;thetkennedy
33;unknown;;thetruthexpress;thetruthexpress
9;female;;thewillofjane;thewillofjane
98852;unknown;;thisisamplify;thisisamplify
556;male;;thomasrcox;thomasrcox
695;unknown;;thoughtseeding;thoughtseeding
329;unknown;;tiahmccurdy;tiahmccurdy
13;female;;tiana_g123;tiana_g123
101;male;;timchesterfield;timchesterfield
1116;female;;tipsyfortroye;tipsyfortroye
934;female;;tmc071;tmc071
122;male;;tomcharman;tomcharman
2000;male;;tommarlow_;tommarlow_
1206;male;;tommaynard;tommaynard
12;female;;tonialou1;tonialou1
38;unknown;;toomanypandoras;toomanypandoras
556;unknown;;touchofbeautysa;touchofbeautysa
187;unknown;;towardambiguity;towardambiguity
534;female;;traceymfoley;traceymfoley
2973;unknown;;transdownunder;transdownunder
4383;female;;trenordennicola;trenordennicola
1660;male;;tri_info;tri_info
76;unknown;;tribeflare;tribeflare
430;female;;trishheng;trishheng
131;female;;tropicalqld;tropicalqld
769;male;;tswestbrook;tswestbrook
1716;unknown;;uberbrand;uberbrand
328;male;;uddinkpr;uddinkpr
358;female;;ulexar;ulexar
978;male;;unclechilliman;unclechilliman
3596;unknown;;unimelbmdhs;unimelbmdhs
347;unknown;;unisafii;unisafii
536;unknown;;uon_nova;uon_nova
228;unknown;;uq_coh;uq_coh
73426;unknown;;uq_news;uq_news
270;unknown;;uq_phnutrition;uq_phnutrition
1946;unknown;;uqalumni;uqalumni
2286;unknown;;uqhealth;uqhealth
1934;unknown;;uqmedicine;uqmedicine
710;unknown;;vacuousness;vacuousness
26;female;;vagniou;vagniou
560;female;;vaiduvlogz;vaiduvlogz
4116;female;;vanessaworldofh;vanessaworldofh
2588;male;;venessb;venessb
3252;unknown;;venuscomms;venuscomms
171;unknown;;venusgoesgidget;venusgoesgidget
1017;female;;veronicabest2u;veronicabest2u
3183;unknown;;victorchanginst;victorchanginst
686;female;;viennavox1;viennavox1
175;male;;vikorbobi;vikorbobi
26;female;;vkat81;vkat81
464;female;;voguefitblog;voguefitblog
103;female;;waggafeminist;waggafeminist
113;female;;wandertravel1;wandertravel1
1745;unknown;;weezmgk;weezmgk
280;unknown;;welcometocom;welcometocom
14;unknown;;wellness50plus;wellness50plus
22;male;;welshwonder101;welshwonder101
639;female;;wendybirdoz;wendybirdoz
11188;unknown;;wepublichealth;wepublichealth
204;female;;wepunchbears;wepunchbears
1033;unknown;;westsidederm;westsidederm
8437;female;;wiidthouqhts;wiidthouqhts
1163;unknown;;wildsivanna;wildsivanna
5;female;;williamsondayna;williamsondayna
168;male;;witho56;witho56
3099;unknown;;wljdaus;wljdaus
1036;unknown;;wmsaustralia;wmsaustralia
2168;unknown;;womeninmediaoz;womeninmediaoz
171;female;;woodwardgeorgie;woodwardgeorgie
2897;unknown;;worldskills_au;worldskills_au
1969;unknown;;wrightspr;wrightspr
991;female;;wypipowoke;wypipowoke
227;female;;xclarissam;xclarissam
541;male;;yaakov_h;yaakov_h
589;female;;yadscauchi;yadscauchi
844;unknown;;yazminevanss;yazminevanss
1039;unknown;;yeam;yeam
1047;female;;yolanda_vu_;yolanda_vu_
1183;female;;yollershollers;yollershollers
85;unknown;;yolodykim;yolodykim
37;male;;yourpalthomlett;yourpalthomlett
12227;female;;yummololaberry;yummololaberry
55;female;;zechray;zechray
755;female;;zephstefkrysezi;zephstefkrysezi
1102;unknown;;zesy_fiverr;zesy_fiverr
276;male;;zevoawarlock;zevoawarlock
0;unknown;;;
