____________UK_;____________UK_;1747;M
__BusinessNews;__BusinessNews;17638;NA
_aimeeholmes;_aimeeholmes;418;F
_ChelseaAmor;_ChelseaAmor;1849;NA
_e11ie;_e11ie;1302;F
_ellskench;_ellskench;12406;F
_Ema_W_;_Ema_W_;564;F
_jen_mo;_jen_mo;4410;F
_KingsWalkGlos;_KingsWalkGlos;1308;M
_kljx;_kljx;2043;F
_SophieLouise__;_SophieLouise__;602;F
_tabithaford;_tabithaford;283;NA
_xJemmax_;_xJemmax_;1539;NA
_xJemmax_;_xJemmax_;1540;NA
0DegreesCelsius;0DegreesCelsius;4425;M
12ab12ab34;12ab12ab34;1002;M
193whitecrossst;193whitecrossst;910;NA
1kevbanham;1kevbanham;1451;M
1wayticket2hell;1wayticket2hell;908;NA
27Tawnyowl;27Tawnyowl;4838;M
3NovicesEngland;3NovicesEngland;624;NA
5ft1andpetty;5ft1andpetty;671;M
a_duggleby;a_duggleby;18708;M
aalleyne;aalleyne;743;NA
AbandonedIdeas;AbandonedIdeas;1347;NA
AbandonedIdeas;AbandonedIdeas;1349;NA
abby_brookman1;abby_brookman1;1704;F
abtsag;abtsag;11436;NA
ABWatersportsUK;ABWatersportsUK;129;M
abxhunt;abxhunt;1740;F
acardcaptor;acardcaptor;5367;NA
AdamBlackmore;AdamBlackmore;16864;M
AdamZSN;AdamZSN;188;M
adeletayor;adeletayor;1726;F
adelleg3x;adelleg3x;1498;F
AdquisitioUK;AdquisitioUK;1924;NA
aesthetix_katie;aesthetix_katie;3836;F
AiLyn_Runner;AiLyn_Runner;1065;F
Aimee3223;Aimee3223;1696;F
aismcgarrigle;aismcgarrigle;2255;NA
AJSSocialMedia;AJSSocialMedia;3996;F
AlainaBullock;AlainaBullock;11992;F
alan_NornIron;alan_NornIron;1814;M
alanbuxey;alanbuxey;334;NA
alexcooper81;alexcooper81;6085;M
alexhsmith_;alexhsmith_;671;M
alexyjanem;alexyjanem;17397;M
AliBarbuti;AliBarbuti;1282;NA
AliceRoss22;AliceRoss22;1614;F
alina_mirica8;alina_mirica8;5903;F
alisoncondy;alisoncondy;395;NA
alisonwilliamsx;alisonwilliamsx;905;F
allofmcr;allofmcr;11926;NA
AllThingsGenie;AllThingsGenie;1878;NA
AllThingsGinge;AllThingsGinge;11174;NA
aloewhat;aloewhat;6489;NA
alvinlindsay21;alvinlindsay21;108517;M
Amandamegs1974;Amandamegs1974;2147;F
ambermaryx;ambermaryx;4724;F
amelievondollar;amelievondollar;4495;F
amelievondollar;amelievondollar;4496;NA
AminaAli_MUA;AminaAli_MUA;2282;NA
AmourJaniel;AmourJaniel;523;M
amycroft25;amycroft25;1346;F
amyd93xo;amyd93xo;825;F
AmyMcevoy_;AmyMcevoy_;1642;F
AmyZ37;AmyZ37;288;M
Anagoesgreen;Anagoesgreen;10416;F
anarchyfemveg;anarchyfemveg;3032;F
Andrea2233322;Andrea2233322;3272;F
anDres_Luv;anDres_Luv;791;M
AndrewRayner00;AndrewRayner00;732;M
AndyGibsonTV;AndyGibsonTV;5005;M
AndyGilder;AndyGilder;5078;NA
angelamichele67;angelamichele67;59;F
angelasurgenor1;angelasurgenor1;16385;F
AngeloT01;AngeloT01;2251;NA
Angie__10101010;Angie__10101010;4333;F
angiehoggett;angiehoggett;4403;F
AngleseyScMedia;AngleseyScMedia;46072;NA
anitasturnham;anitasturnham;49084;NA
AnnabelGreaves;AnnabelGreaves;525;F
annachapman1986;annachapman1986;505;F
annekaboardman;annekaboardman;3238;NA
AnnyahDeanna;AnnyahDeanna;620;NA
ANPSkinClinc;ANPSkinClinc;666;NA
antonybutcher;antonybutcher;1207;M
aokrucksackapp1;aokrucksackapp1;9478;F
APSkincare_;APSkincare_;264;M
AQuietNightmare;AQuietNightmare;92;F
AQuietNightmare;AQuietNightmare;92;M
aroseforepona_;aroseforepona_;3238;F
Arwen_Elfin;Arwen_Elfin;947;NA
ashtia_;ashtia_;761;F
AsNatIntended;AsNatIntended;12959;NA
ATinley92;ATinley92;420;M
atqhaqita;atqhaqita;304;NA
ATSocialMediaUK;ATSocialMediaUK;57375;NA
auldcove;auldcove;2209;NA
AuthorGBDavies;AuthorGBDavies;5849;NA
AuthorGBDavies;AuthorGBDavies;5850;NA
Ava__z;Ava__z;3894;F
aveashdown44;aveashdown44;100461;NA
aveashdown44;aveashdown44;100462;NA
aveashdown44;aveashdown44;100464;F
aveashdown44;aveashdown44;100465;F
aveashdown44;aveashdown44;100465;NA
aveashdown44;aveashdown44;100466;NA
ayesha84xx;ayesha84xx;174;F
Aysh_tmb;Aysh_tmb;1853;NA
AzlinBloor;AzlinBloor;3684;NA
AzurPR;AzurPR;3572;NA
Babydebz1984;Babydebz1984;2128;F
BackBliss;BackBliss;582;NA
BaileysaPumpkin;BaileysaPumpkin;1747;F
bailZszsz;bailZszsz;477;M
Balkim1970Kim;Balkim1970Kim;3016;F
ballroombeauty7;ballroombeauty7;638;F
Ballstocancer;Ballstocancer;74289;NA
BalmainHairUK;BalmainHairUK;13354;NA
banditbear247;banditbear247;6186;M
bareMineralsUK;bareMineralsUK;36692;NA
barrabest;barrabest;63470;M
barryjohnharper;barryjohnharper;4730;M
BarryMCosmetics;BarryMCosmetics;139880;M
Battsby;Battsby;7900;NA
battynatty29;battynatty29;1355;F
BazaarUK;BazaarUK;528924;M
BazaarUK;BazaarUK;528925;M
BBC;BBC;1011397;NA
BBCLookNorth;BBCLookNorth;273564;NA
bbcmtd;bbcmtd;296818;NA
BBCRadio3;BBCRadio3;96231;NA
BBCScotlandNews;BBCScotlandNews;378519;NA
bbctms;bbctms;307243;NA
BBCWales;BBCWales;152083;NA
bbcweather;bbcweather;360523;NA
bbcweather;bbcweather;360526;NA
BBlogRT;BBlogRT;32285;NA
bdnews24;bdnews24;208589;NA
BDQblog;BDQblog;1151;NA
bear_faced_lady;bear_faced_lady;1549;NA
bearbearLLAMA;bearbearLLAMA;625;NA
Beauty_Bible;Beauty_Bible;13153;NA
beautyandtheboy;beautyandtheboy;5629;NA
beautyjunkieldn;beautyjunkieldn;27426;F
BeautyKingdomUK;BeautyKingdomUK;28787;NA
BeautyluxUK;BeautyluxUK;347;NA
Beautylymin;Beautylymin;3101;F
beautyretreats;beautyretreats;259;NA
BeautyShortlist;BeautyShortlist;31656;NA
BeautyShortlist;BeautyShortlist;31658;NA
Becca_DP;Becca_DP;2845;F
BeckiBooBoop;BeckiBooBoop;3879;F
beckvalleybooks;beckvalleybooks;18244;NA
beegreenmag;beegreenmag;1990;F
Beenabbc82;Beenabbc82;422;NA
beingcontent;beingcontent;11326;NA
BelindaHayle;BelindaHayle;6710;NA
BeoWilmslow;BeoWilmslow;2855;M
berkshirebassa;berkshirebassa;438;M
BethArthur19;BethArthur19;4140;NA
bettyjo62;bettyjo62;2334;F
BevAlice;BevAlice;680;NA
beyer_char;beyer_char;5117;F
BhamCityCouncil;BhamCityCouncil;125010;NA
bigdc76;bigdc76;2117;M
bigpr1ncess;bigpr1ncess;315;F
Bigwasp80;Bigwasp80;748;F
bIissfulbutera;bIissfulbutera;12568;NA
BINGBING_CKTAIL;BINGBING_CKTAIL;29592;NA
BINGBING_CKTAIL;BINGBING_CKTAIL;29595;NA
BINGBINGFASHION;BINGBINGFASHION;24787;NA
BINGBINGFASHION;BINGBINGFASHION;24789;NA
BioPortfolio;BioPortfolio;6012;NA
birminghammail;birminghammail;249621;NA
birminghammail;birminghammail;249624;NA
BIUK;BIUK;52385;NA
BizzieBabyUk;BizzieBabyUk;28738;NA
bjemec;bjemec;13323;F
blah_ciaraa;blah_ciaraa;249;F
Blake_D_T;Blake_D_T;763;NA
BlessinggK;BlessinggK;1304;M
Bliadhnaichean;Bliadhnaichean;2177;M
blixberrie;blixberrie;1364;NA
blogginggals;blogginggals;44812;NA
BlondeTeaParty;BlondeTeaParty;1651;F
BlueHalcyon_;BlueHalcyon_;150;NA
BlueMaestroBaby;BlueMaestroBaby;2059;NA
BLVCKMUMBA;BLVCKMUMBA;361;NA
bohaynowell;bohaynowell;1138;NA
BonhamJosie;BonhamJosie;1275;F
boo1003;boo1003;4970;F
BootsHelp;BootsHelp;13466;NA
BootsUK;BootsUK;94891;NA
bottymcbottica;bottymcbottica;1484;M
bottymcbottica;bottymcbottica;1485;M
bougieghanaian;bougieghanaian;427;F
bougieghanaian;bougieghanaian;427;NA
BreatheUnityPR;BreatheUnityPR;6540;NA
BriaEWilliams;BriaEWilliams;838;NA
bridie4;bridie4;1460;F
Britanniacomms;Britanniacomms;101613;NA
British_Airways;British_Airways;1086405;NA
British_Airways;British_Airways;1086407;NA
British_Airways;British_Airways;1086409;NA
British_Airways;British_Airways;1086410;NA
BritishTVHub;BritishTVHub;10930;NA
BritishVogue;BritishVogue;3548596;NA
BritishVogue;BritishVogue;3548598;NA
BritishVogue;BritishVogue;3548600;NA
BritishVogue;BritishVogue;3548601;NA
BritishVogue;BritishVogue;3548604;NA
BritishVogue;BritishVogue;3548613;NA
BritishVogue;BritishVogue;3548615;NA
BritishVogue;BritishVogue;3548616;NA
BritishVogue;BritishVogue;3548618;NA
BritishVogue;BritishVogue;3548619;NA
BritishVogue;BritishVogue;3548620;NA
BritMums;BritMums;75337;NA
brooklyn_print;brooklyn_print;5925;F
BrownBeautyTalk;BrownBeautyTalk;4816;NA
brucedon5;brucedon5;1451;NA
BrummiesNaughty;BrummiesNaughty;3778;NA
bunniboila;bunniboila;6126;NA
butwhybewhy;butwhybewhy;321;F
BuzymumSonia;BuzymumSonia;1567;F
bxrbequeniall;bxrbequeniall;10317;NA
C_P_Randall;C_P_Randall;1702;M
CaptMikeYates;CaptMikeYates;1306;M
carameltrace;carameltrace;1781;F
carbonbasedqt;carbonbasedqt;151;M
CarlSpangled;CarlSpangled;1382;NA
CarlyRaeSummers;CarlyRaeSummers;71644;F
CarolineHirons;CarolineHirons;61565;F
CarolineHirons;CarolineHirons;61566;F
CarolKettley;CarolKettley;433;NA
carose85uk;carose85uk;1330;NA
Casslinda1;Casslinda1;400;F
cat__morrison;cat__morrison;5214;F
Cat1980uk;Cat1980uk;2915;F
catherinedevans;catherinedevans;174;F
CathyPowell75;CathyPowell75;833;F
cb_beautynews;cb_beautynews;5232;NA
CB_cycles;CB_cycles;1644;M
Cbeechat;Cbeechat;4098;NA
CCCBuryStEd;CCCBuryStEd;4512;NA
CeeArrBookNerd;CeeArrBookNerd;1695;NA
CentaurUK;CentaurUK;2015;NA
CGH54;CGH54;1673;M
CGPrimary;CGPrimary;2386;NA
Chamindarana;Chamindarana;397;NA
chandepala;chandepala;436;NA
char_x0;char_x0;4124;NA
CharityNewsUK;CharityNewsUK;21254;NA
charleighalyse;charleighalyse;2615;F
charlie_l_y;charlie_l_y;481;F
CharlotteBuxto;CharlotteBuxto;1132;F
CHartleyPhotos;CHartleyPhotos;8166;F
ChaseTriton;ChaseTriton;1627;M
chc_lbrb;chc_lbrb;206;NA
cheekyvimto13;cheekyvimto13;12741;NA
Cher1977Sherri;Cher1977Sherri;2691;F
cherrymischivus;cherrymischivus;23746;F
cherylp59;cherylp59;9381;F
cheshbeautyae;cheshbeautyae;1639;NA
cheshireredhead;cheshireredhead;1010;F
Chloe__Jack;Chloe__Jack;3186;F
ChloeHannah_G;ChloeHannah_G;157;NA
chloeingram;chloeingram;3431;F
chloemtommo;chloemtommo;4632;F
chocolateonemse;chocolateonemse;2276;F
chrisifg;chrisifg;93739;M
chrisifg;chrisifg;93740;M
chrisifg;chrisifg;93742;M
chrisifg;chrisifg;93745;M
chrisifg;chrisifg;93746;M
Christi79120774;Christi79120774;258;NA
cillastubbs;cillastubbs;1691;F
Cirrocumulus1;Cirrocumulus1;17711;M
clairejustineo;clairejustineo;9094;NA
clairewoods32;clairewoods32;504;F
cleaninggirl;cleaninggirl;3753;NA
cleveleysnews;cleveleysnews;6288;NA
Clinique_UK;Clinique_UK;63229;NA
ClydeShopping;ClydeShopping;1379;M
CM_Kerley;CM_Kerley;86414;NA
cnni;cnni;7054109;NA
cnni;cnni;7054111;NA
Coco3yoon;Coco3yoon;1365;F
cocosteaparty;cocosteaparty;35994;F
compellingsites;compellingsites;73715;NA
Consulting_Room;Consulting_Room;11748;NA
CorneliusGroup;CorneliusGroup;1840;M
CosmedicCoach;CosmedicCoach;49676;F
cosmedixUK;cosmedixUK;2995;NA
CosmopolitanUK;CosmopolitanUK;366375;NA
CosmopolitanUK;CosmopolitanUK;366379;NA
CourtTheWartt;CourtTheWartt;10069;F
CR_UK;CR_UK;302351;NA
CR_UK;CR_UK;302353;NA
CR_UK;CR_UK;302354;NA
CraigAtTheTop;CraigAtTheTop;3494;NA
crunchie64;crunchie64;730;F
CRYPTlTS;CRYPTlTS;7409;M
CrzyCreoleMommy;CrzyCreoleMommy;3152;NA
CS_Birmingham;CS_Birmingham;57;NA
CSDXYZ;CSDXYZ;1880;F
cshislop;cshislop;48922;F
CtinaCurtis;CtinaCurtis;2290;F
cultbeauty;cultbeauty;44409;NA
CumbriaWeather;CumbriaWeather;58934;NA
Da_WickerMan;Da_WickerMan;1226;NA
Daily_Express;Daily_Express;675527;NA
Daily_Express;Daily_Express;675529;NA
Daily_Express;Daily_Express;675530;NA
Daily_Express;Daily_Express;675531;NA
Daily_Star;Daily_Star;173762;NA
Daily_Star;Daily_Star;173766;NA
DailyMailUK;DailyMailUK;194008;NA
DailyMirror;DailyMirror;937991;NA
DailyMirror;DailyMirror;937992;NA
DailyMirror;DailyMirror;937994;NA
DailyMirror;DailyMirror;937995;NA
DailyMirror;DailyMirror;937998;NA
DailyMirror;DailyMirror;938002;NA
DailyMirror;DailyMirror;938003;NA
daisy_pepper;daisy_pepper;553;NA
daisyjamesbooks;daisyjamesbooks;3284;F
daisymichellej;daisymichellej;247;NA
DaleDrawsStuff;DaleDrawsStuff;335;M
DanHamill1987;DanHamill1987;1249;NA
Daniellebillyx;Daniellebillyx;1924;F
davejon78069449;davejon78069449;914;M
Davektbffhmoore;Davektbffhmoore;1381;M
DavidJEWood;DavidJEWood;6757;NA
DavidLogan2020;DavidLogan2020;20270;M
DawnieEA;DawnieEA;1714;F
dazred;dazred;9178;NA
DBRacingUK;DBRacingUK;2138;F
Deal_Town;Deal_Town;12251;NA
deanne2622;deanne2622;3975;F
deanne2622;deanne2622;3976;F
Deb_Fairhurst;Deb_Fairhurst;1005;F
debbieflint;debbieflint;19471;NA
deepdowndirtypr;deepdowndirtypr;3490;NA
delanosdiaz;delanosdiaz;1659;NA
DeliaCazzato;DeliaCazzato;5103;F
DeliaCazzato;DeliaCazzato;5105;F
delphoseforms;delphoseforms;968;NA
DeneezWilton;DeneezWilton;4965;F
denzelwynter;denzelwynter;1991;M
denzelwynter;denzelwynter;1991;NA
dephrank;dephrank;2477;NA
DerekCStewart;DerekCStewart;3159;M
DerekTheWeather;DerekTheWeather;75647;M
DermalogicaUK;DermalogicaUK;27547;NA
DES_Journal;DES_Journal;3882;M
DesertIsleSkin;DesertIsleSkin;16605;M
DesertIsleSkin;DesertIsleSkin;16607;M
DesertIsleSkin;DesertIsleSkin;16615;M
designopinion;designopinion;53694;NA
DevonCC;DevonCC;38973;M
DevonCC;DevonCC;38974;M
DevonTopDaysOut;DevonTopDaysOut;5040;NA
DFMAmakeup;DFMAmakeup;102350;NA
dianneanoble1;dianneanoble1;9316;F
Dickie75362382;Dickie75362382;561;M
Dido59Diane;Dido59Diane;144;F
dinkytink25;dinkytink25;597;F
Diolchgar;Diolchgar;3870;M
DizzyT1974;DizzyT1974;1250;NA
djewwy;djewwy;569;F
dmanderphoto;dmanderphoto;2035;F
doctifyuk;doctifyuk;2334;NA
DoctorWarmflash;DoctorWarmflash;939;NA
dogcelebration;dogcelebration;74696;NA
Doll194john;Doll194john;505;M
dollbl00d;dollbl00d;1054;F
dollzstars;dollzstars;977;F
DonnaX_xxx;DonnaX_xxx;52515;F
doofluffle;doofluffle;1254;M
doofluffle;doofluffle;1255;M
dook_domini;dook_domini;3735;NA
DrBusinessMan;DrBusinessMan;2788;M
DrCarolynBerry;DrCarolynBerry;1189;NA
DrGabsEvans;DrGabsEvans;1607;NA
DrSarahB;DrSarahB;71333;F
DrSarahBHealthy;DrSarahBHealthy;43339;F
DrSarahBHealthy;DrSarahBHealthy;43340;F
DrStefanieW;DrStefanieW;11031;F
drsusanlsmith;drsusanlsmith;495;F
dukelukemason;dukelukemason;478;M
dulciegroverr;dulciegroverr;1074;NA
DuncanScott3;DuncanScott3;1774;NA
dysprosaic;dysprosaic;759;M
E_A_BEAUTY;E_A_BEAUTY;3347;NA
EastSussexCC;EastSussexCC;14996;NA
EC_magazine;EC_magazine;9190;NA
ECG_MK;ECG_MK;1320;NA
ED_skincare;ED_skincare;544;F
edfilmfest;edfilmfest;52194;NA
eDGTLLTD;eDGTLLTD;2531;NA
EdwardsMSE;EdwardsMSE;529;NA
eesstthheerrr;eesstthheerrr;1857;F
EffortlessSkin;EffortlessSkin;1676;NA
eggsypony;eggsypony;3663;NA
eileenmaud2;eileenmaud2;15731;F
Elegance_Clinic;Elegance_Clinic;531;NA
elizabethtoni;elizabethtoni;2525;F
EllaFowler16;EllaFowler16;469;F
ellalice_x;ellalice_x;1776;NA
ellie1525;ellie1525;1316;F
ellisfifellis;ellisfifellis;409;F
eloisedulu;eloisedulu;737;M
elsrubytues;elsrubytues;3472;F
emilybonness;emilybonness;628;F
EmilyK1983;EmilyK1983;1467;F
emjrabbitwolf;emjrabbitwolf;1972;NA
EMJStaceyRivers;EMJStaceyRivers;830;F
emma_close1992;emma_close1992;804;F
emmahbeautyuk;emmahbeautyuk;89;NA
emshelx;emshelx;33266;NA
ENHertsCCG;ENHertsCCG;3866;NA
esme_goddess;esme_goddess;5353;F
EssentialTwenty;EssentialTwenty;4567;F
Essex_CC;Essex_CC;54269;NA
EssexCricket;EssexCricket;63961;NA
EsteeLauderUK;EsteeLauderUK;58235;NA
EsteeLauderUK;EsteeLauderUK;58236;NA
EstherMiranda85;EstherMiranda85;315;NA
evakglow;evakglow;9379;F
Everyday_Man;Everyday_Man;12391;NA
EvilFaire616;EvilFaire616;294;NA
EwaSR;EwaSR;6138;M
Excellart;Excellart;929;M
ExquisiteEsy;ExquisiteEsy;19658;NA
FactsInYourFace;FactsInYourFace;148071;NA
FaithMortimer;FaithMortimer;42849;F
fangirl__143;fangirl__143;1581;NA
FashionInsight;FashionInsight;34215;NA
FashListings;FashListings;32794;NA
FashListings;FashListings;32795;NA
fastestcatalive;fastestcatalive;526;M
Father_Richards;Father_Richards;205203;M
Father_Richards;Father_Richards;205206;M
FathiaTahir;FathiaTahir;548;F
Faybexxx;Faybexxx;342;F
Faybexxx;Faybexxx;343;M
fcathala;fcathala;7352;M
FeelGoodMatters;FeelGoodMatters;412;NA
feelunique;feelunique;76799;NA
FenwickColch;FenwickColch;2172;NA
FERN_MUA;FERN_MUA;38565;F
ferrerorocker;ferrerorocker;3080;F
ferryglows;ferryglows;2438;F
ffscaits;ffscaits;8353;NA
Fibrogirl;Fibrogirl;1215;F
fininoninonino;fininoninonino;814;F
fisefton;fisefton;290;F
FitAsFuckGirls;FitAsFuckGirls;268990;NA
FitnessD1va201;FitnessD1va201;2390;NA
fkapigs;fkapigs;1811;NA
Floribundar;Floribundar;854;NA
FLOTUK;FLOTUK;16191;NA
FLOTUK;FLOTUK;16194;M
FluffCustard;FluffCustard;3717;NA
FormulaBotanica;FormulaBotanica;7959;NA
FrameSmart;FrameSmart;1618;NA
franciscarockey;franciscarockey;1439;NA
fraser_eddie;fraser_eddie;5600;M
FreeFromRosacea;FreeFromRosacea;2186;NA
frostmag;frostmag;6679;NA
frugalfamily;frugalfamily;12231;F
frugalfamily;frugalfamily;12231;M
frxshallure;frxshallure;1022;F
FSR_76;FSR_76;605;NA
gallimaufrey777;gallimaufrey777;2944;NA
garrettbarry70;garrettbarry70;38818;NA
Gary_R_Walker;Gary_R_Walker;9154;M
GC_Developments;GC_Developments;543;NA
Gegewiganese;Gegewiganese;510;F
generation_golf;generation_golf;4078;NA
GeorgeJohnson33;GeorgeJohnson33;878;M
Georgia__lucy;Georgia__lucy;277;F
Gerbera4U;Gerbera4U;2910;F
gerryhatric;gerryhatric;4329;M
getreading;getreading;77215;NA
getsurrey;getsurrey;140373;NA
GetTheGloss;GetTheGloss;28526;NA
Gfra98G;Gfra98G;3120;NA
gibbet;gibbet;2854;M
gilesmorgan;gilesmorgan;4147;NA
GillyBeanzzz;GillyBeanzzz;4313;NA
GinaConwayAveda;GinaConwayAveda;5135;F
gitson_shiggles;gitson_shiggles;4269;M
Gjoehh;Gjoehh;470;NA
GlamourMagUK;GlamourMagUK;493923;NA
GlamourMagUK;GlamourMagUK;493925;NA
GlamourMagUK;GlamourMagUK;493926;NA
glittergirly500;glittergirly500;36776;NA
GlowingFreckles;GlowingFreckles;5340;NA
glynlewiswebman;glynlewiswebman;65321;NA
glynlewiswebman;glynlewiswebman;65323;NA
GMISYear2;GMISYear2;194;M
GobCity;GobCity;399;NA
Goldishocks;Goldishocks;5789;NA
goodsurgeon;goodsurgeon;7321;NA
GoogleExpertUK;GoogleExpertUK;472892;F
gossmakeupartis;gossmakeupartis;131501;M
gossxpgxrl;gossxpgxrl;505;F
grabthisbook;grabthisbook;3789;NA
graceeastwood_;graceeastwood_;656;F
gracemcgilveray;gracemcgilveray;144;NA
GrannyMam;GrannyMam;1537;F
GraziaUK;GraziaUK;390201;F
GraziaUK;GraziaUK;390209;F
GreggsQueen;GreggsQueen;1287;F
grevgrevgrev;grevgrevgrev;491;F
grooming_guide;grooming_guide;5049;NA
groweatgift;groweatgift;2977;NA
guardian;guardian;6724163;NA
guardian;guardian;6724199;NA
guardiannews;guardiannews;2785246;NA
guardiannews;guardiannews;2785250;NA
GulFrazNawaz;GulFrazNawaz;213;F
GusAndLeo;GusAndLeo;1090;F
guynesher123;guynesher123;10875;M
guynesher123;guynesher123;10877;M
Gym__Freak;Gym__Freak;3939;F
h2osarah;h2osarah;515;NA
HABITproBEAUTY;HABITproBEAUTY;3283;NA
HABITproBEAUTY;HABITproBEAUTY;3284;NA
hackneywick;hackneywick;6885;NA
Hadiyaaahh;Hadiyaaahh;2688;M
HairPhilosopher;HairPhilosopher;5176;NA
halimlounnas2;halimlounnas2;5480;M
haltyballa;haltyballa;1040;M
HankBoxerdog;HankBoxerdog;1641;M
hannahbrady70;hannahbrady70;507;F
HannahCw95;HannahCw95;229;F
Harajuku_Zombie;Harajuku_Zombie;65;NA
harleysreigate1;harleysreigate1;1840;M
HarleyStEmp;HarleyStEmp;1490;M
HarryEverett96;HarryEverett96;450;NA
HarryKanine;HarryKanine;1456;M
HartReikiCURES;HartReikiCURES;16554;NA
HarveyNichols;HarveyNichols;367185;M
havanasluts;havanasluts;2169;F
hayleyw1;hayleyw1;16007;F
HAZZA123xx;HAZZA123xx;577;NA
HBHealthLondon;HBHealthLondon;12062;NA
Health_Triangle;Health_Triangle;2223;NA
HealthistaTV;HealthistaTV;12986;NA
healthrocketer;healthrocketer;1279;NA
HealthyLondonUK;HealthyLondonUK;16025;NA
HealthyLvpool;HealthyLvpool;2740;NA
HebdenLouise;HebdenLouise;311;F
hedacclone;hedacclone;1497;F
heidiEC5;heidiEC5;4792;F
HelenTPermCos;HelenTPermCos;1729;F
helplessdrying;helplessdrying;1984;F
Henrys4Coffee;Henrys4Coffee;2983;NA
HerpesNews;HerpesNews;1552;NA
Herring1967;Herring1967;208271;M
HevsTweets;HevsTweets;353;NA
heyitsJudeD;heyitsJudeD;2202;M
heyjulesb;heyjulesb;1461;F
HeywoodSusan;HeywoodSusan;870;NA
hilgorbould;hilgorbould;1088;M
Hillingdon_CCG;Hillingdon_CCG;1283;NA
HistGeekGirl;HistGeekGirl;2864;F
HistoryExtra;HistoryExtra;247661;NA
hjcbizsolutions;hjcbizsolutions;5528;F
HolidayCravings;HolidayCravings;3214;F
HolohanTrevor;HolohanTrevor;4746;M
HomeOfCricket;HomeOfCricket;171252;NA
honestemiIy;honestemiIy;1201;F
horacepanterart;horacepanterart;13207;M
HostingHubinfo;HostingHubinfo;7863;NA
HostingHubinfo;HostingHubinfo;7864;NA
Hotlegs_74;Hotlegs_74;2295;F
HuffPostUKStyle;HuffPostUKStyle;24291;NA
HUUBDesign;HUUBDesign;23875;M
ï»¿____________UK_;____________UK_;1747;M
iainmcquillan;iainmcquillan;1625;M
iamyvettehenry;iamyvettehenry;368;NA
IanBroughall;IanBroughall;10207;NA
iashleyrichards;iashleyrichards;9129;F
iashleyrichards;iashleyrichards;9131;F
iBristolPeople;iBristolPeople;22039;NA
IconicVideosBiz;IconicVideosBiz;17116;NA
iCooUK;iCooUK;4132;NA
igotnathspick;igotnathspick;1053;NA
IHaveIIH;IHaveIIH;2880;NA
IMartin121;IMartin121;909;NA
imcathmcgrath;imcathmcgrath;7371;F
imedicinebuddha;imedicinebuddha;22415;F
imogenaliceee;imogenaliceee;613;NA
ImproveMove;ImproveMove;3947;NA
inanimatecorpse;inanimatecorpse;5356;NA
Independent;Independent;2329263;NA
Independent;Independent;2329268;NA
Independent;Independent;2329269;NA
Independent;Independent;2329275;NA
Independent;Independent;2329277;NA
Independent;Independent;2329278;NA
Independent;Independent;2329282;NA
Independent;Independent;2329283;NA
innocent;innocent;283617;M
innocent;innocent;283618;M
instyle_UK;instyle_UK;236017;NA
Intheshadeivory;Intheshadeivory;2138;NA
INTOUCH_RUGBY;INTOUCH_RUGBY;186328;NA
INTOUCH_RUGBY;INTOUCH_RUGBY;186329;NA
INTOUCH_RUGBY;INTOUCH_RUGBY;186333;NA
inusanewscom;inusanewscom;1179;NA
IoTandIoE;IoTandIoE;6176;M
iristilley51;iristilley51;545;F
IslamAndLifeOFC;IslamAndLifeOFC;102733;M
iTishda;iTishda;136;NA
ItsCaptainDisco;ItsCaptainDisco;895;M
itschloerollie;itschloerollie;2326;NA
itseasy2bVegan;itseasy2bVegan;8314;NA
itsemilygraham;itsemilygraham;6815;F
itsneecola;itsneecola;628;M
ItsSaraahh_;ItsSaraahh_;4127;F
itvnews;itvnews;1772690;NA
IvyRaeMFC;IvyRaeMFC;14652;NA
IvyRaeMFC;IvyRaeMFC;14653;NA
J_Swallow_MFHT;J_Swallow_MFHT;284;NA
JackMcKnight41;JackMcKnight41;1158;M
jadewritesbooks;jadewritesbooks;1022;F
jaffathecake;jaffathecake;44257;M
JamesKinsella93;JamesKinsella93;944;NA
JamesReadtan;JamesReadtan;32262;M
jamie_wallis;jamie_wallis;1802;F
JamieBetts_PT;JamieBetts_PT;39896;F
janet_cutts;janet_cutts;1758;F
JayCrane83;JayCrane83;5483;M
JayCrane83;JayCrane83;5485;M
jaykay287;jaykay287;65;F
JayneyBarnes;JayneyBarnes;1621;F
jckbarraclough;jckbarraclough;1274;M
JellyAli;JellyAli;1215;M
jemjemdwyer;jemjemdwyer;22265;F
jemjemdwyer;jemjemdwyer;22265;NA
jemjemdwyer;jemjemdwyer;22267;NA
jen_norr;jen_norr;5514;F
JenniBanksGB;JenniBanksGB;445;F
jennywhojenny;jennywhojenny;1526;F
JensonWilkinson;JensonWilkinson;53;M
JerryGerard6;JerryGerard6;2388;M
JessBairdYork;JessBairdYork;227;F
jhill1105;jhill1105;8890;F
jhill1105;jhill1105;8945;F
JillMack01;JillMack01;757;F
jimahsjournals;jimahsjournals;123;F
Jlm_86;Jlm_86;18376;NA
Jlm_86;Jlm_86;18378;F
Jlm_86;Jlm_86;18378;NA
joan0fsnark;joan0fsnark;3268;F
joanneweir38;joanneweir38;1054;F
jocullen27;jocullen27;434;F
johnmerro1;johnmerro1;16065;M
Johnohyeah;Johnohyeah;2132;M
JoJoMamanBebe;JoJoMamanBebe;20972;NA
jomeara555;jomeara555;2483;M
JonathanCamp;JonathanCamp;2954;M
jordanlangleyy_;jordanlangleyy_;1643;M
jpfallon27;jpfallon27;1038;M
jsummers71;jsummers71;2977;M
JuJu_Carbo;JuJu_Carbo;1680;NA
JulieDuffy4;JulieDuffy4;2309;F
Juliet777777;Juliet777777;25204;F
June_FW;June_FW;502;F
Jxmmers;Jxmmers;1861;NA
KacchiKairi;KacchiKairi;11664;NA
KamillaHannibal;KamillaHannibal;900;NA
karenslinn43;karenslinn43;4528;F
karlapowellmua;karlapowellmua;22208;NA
karlfischer_biz;karlfischer_biz;86463;M
karlfoxley;karlfoxley;9642;M
Kate1880;Kate1880;555;NA
KathleenHarrym1;KathleenHarrym1;7525;F
KatieJLester;KatieJLester;385563;F
kayacorbridge;kayacorbridge;4757;F
KayBall4;KayBall4;729;F
Kayflawless;Kayflawless;2045;NA
KeeleyDonovan;KeeleyDonovan;64654;M
keelingrob;keelingrob;302;M
KelComps;KelComps;110;NA
KelliJosefa_;KelliJosefa_;1349;F
KELLYCLELLAND1;KELLYCLELLAND1;1629;F
kennedyjade2;kennedyjade2;1068;F
Kent_Online;Kent_Online;144786;NA
kentcricket;kentcricket;47646;M
kentcricket;kentcricket;47648;M
kentishphotos;kentishphotos;1404;M
kerrymThompson;kerrymThompson;287;NA
Kestrel246;Kestrel246;1171;F
kestrelnetworks;kestrelnetworks;165;NA
KFPestell;KFPestell;239;NA
KhaireenHarvey;KhaireenHarvey;695;NA
kimberleyjessca;kimberleyjessca;7641;F
KimBrownFLP;KimBrownFLP;11;F
kimfordexpert;kimfordexpert;1635;F
kimfordexpert;kimfordexpert;1636;F
kingston_v;kingston_v;521;M
kiphakes;kiphakes;11466;M
kiranjoza;kiranjoza;828;NA
kirkyb2809;kirkyb2809;512;F
Kirsteeeeenxo;Kirsteeeeenxo;711;NA
kirstypoole;kirstypoole;724;F
kitaaa93;kitaaa93;1546;NA
klmansell;klmansell;383;F
klmansell;klmansell;384;F
kloubear88;kloubear88;1577;NA
kochan_sarah;kochan_sarah;1807;F
konnichiwaaaron;konnichiwaaaron;527;NA
krisv_723;krisv_723;18641;M
KryssieFortune;KryssieFortune;13798;NA
KTGND;KTGND;721;F
kvetchup;kvetchup;898;F
kvty_m;kvty_m;925;NA
kweenaby;kweenaby;89;F
Kxtykate;Kxtykate;15650;F
kyraxjade;kyraxjade;388;NA
Labour4Animals;Labour4Animals;10022;NA
lad_hub;lad_hub;1405;NA
LahLahBean;LahLahBean;11398;F
LAtelierAesth;LAtelierAesth;283;M
LatestFreeStuff;LatestFreeStuff;19118;NA
LauraHadleyx;LauraHadleyx;10791;F
LauraLouMakeup;LauraLouMakeup;12883;NA
Lauren0_x;Lauren0_x;856;F
laurencribbs;laurencribbs;1373;NA
laurenrellis;laurenrellis;1590;F
LBC;LBC;206360;NA
Ldn_Ambulance;Ldn_Ambulance;100834;NA
leahwhytee;leahwhytee;991;NA
LegallyB0ned;LegallyB0ned;2275;NA
Leigheff;Leigheff;4453;F
Leilalollypop;Leilalollypop;402;NA
LemonLush3;LemonLush3;1461;M
LemonLush3;LemonLush3;1461;NA
leponline;leponline;56993;NA
Lewicaramel;Lewicaramel;1543;NA
Leyanpark;Leyanpark;861;F
LGWhiteAuthor;LGWhiteAuthor;50076;F
LGWhiteAuthor;LGWhiteAuthor;50077;F
LiamYulhanson;LiamYulhanson;6828;NA
Libbyextra;Libbyextra;3050;F
libradragon2;libradragon2;19234;F
LifestyleSoul;LifestyleSoul;8798;NA
LiftBeauty;LiftBeauty;977;NA
Lil_Amyy_x;Lil_Amyy_x;128;F
lilithfaee;lilithfaee;377;NA
Lillly_;Lillly_;968;F
linda_taylor01;linda_taylor01;2365;NA
Linda_U_W_A;Linda_U_W_A;24424;NA
lindahobbis;lindahobbis;11493;NA
lindaturner997;lindaturner997;2647;F
lindsayromantic;lindsayromantic;19707;F
LipmateLipbalm;LipmateLipbalm;8218;NA
LiRFC;LiRFC;43132;NA
lisabriercliffe;lisabriercliffe;60605;F
lisabriercliffe;lisabriercliffe;60609;F
Lisacuddlylisa;Lisacuddlylisa;5152;F
Lisacuddlylisa;Lisacuddlylisa;5153;F
LivEchonews;LivEchonews;370775;NA
LiveShareTravel;LiveShareTravel;40683;F
LivingDThunder;LivingDThunder;447;M
Livingonahill;Livingonahill;109;M
LOLitsAni;LOLitsAni;22211;F
Lollinski;Lollinski;15438;F
lollipops_13;lollipops_13;5719;NA
Lon_Unattached;Lon_Unattached;15065;NA
London_Lady;London_Lady;21790;F
LondonJacks;LondonJacks;9594;NA
lookfantastic;lookfantastic;50149;NA
lookingforels;lookingforels;2478;NA
Lookmagazine;Lookmagazine;187952;NA
LorraineMHeath;LorraineMHeath;1113;F
lothiansfinest;lothiansfinest;77;NA
LouiesGems;LouiesGems;10803;M
LoveWilko;LoveWilko;117253;M
LoveWilko;LoveWilko;117256;M
LplVerity;LplVerity;302;NA
LSIltd;LSIltd;806;NA
lstewarts;lstewarts;921;F
Luke101995;Luke101995;572;NA
LunaBearGifts;LunaBearGifts;1013;NA
LushLtd;LushLtd;187653;NA
LuxuryColumnist;LuxuryColumnist;67533;NA
LycoLife_UK;LycoLife_UK;5732;NA
lyndseybaines1;lyndseybaines1;416;F
lyndseybruce;lyndseybruce;559;F
Lynn_Todd27;Lynn_Todd27;2189;F
LypsylUK;LypsylUK;18094;NA
macmillancancer;macmillancancer;617498;NA
macmillancancer;macmillancancer;617500;NA
macmillancancer;macmillancancer;617501;NA
madihahali1;madihahali1;15120;M
MailOnline;MailOnline;2062936;NA
MailOnline;MailOnline;2062938;NA
MailOnline;MailOnline;2062952;NA
Maldivesz;Maldivesz;2529;F
MalibuSunCream;MalibuSunCream;1306;NA
MalwareTechBlog;MalwareTechBlog;106334;NA
manavigator;manavigator;1530;NA
manfaceUK;manfaceUK;9968;M
manics1;manics1;1282;NA
mankindcouk;mankindcouk;9284;NA
MargaretDabbsUK;MargaretDabbsUK;2164;NA
Mariah_Cara;Mariah_Cara;2578;NA
marieclaireuk;marieclaireuk;290231;F
mark24823687;mark24823687;2932;M
mark50235823;mark50235823;563;M
MarketingNetCo;MarketingNetCo;927;NA
MarketingNetCo;MarketingNetCo;928;NA
markoburrows;markoburrows;1437;M
markwblue;markwblue;11894;F
MarleyEternit;MarleyEternit;3978;F
Marshall5Sharon;Marshall5Sharon;5838;NA
MarthaDIY;MarthaDIY;5873;F
maskedpunter;maskedpunter;6758;NA
MasterStiff24;MasterStiff24;1446;NA
matthewrw1978;matthewrw1978;1130;M
Maxnot;Maxnot;552;NA
Maxo11x;Maxo11x;763;M
MBAHelp24;MBAHelp24;497;NA
MCabedmethod;MCabedmethod;341;NA
mcmurphy72;mcmurphy72;1068;NA
mcsuk;mcsuk;25981;NA
meg_gartside;meg_gartside;825;NA
MeganJaneLillie;MeganJaneLillie;15831;NA
meganxcowdery;meganxcowdery;1131;F
megaspinall;megaspinall;535;F
meisafairy;meisafairy;12222;NA
mel_doherty;mel_doherty;227;M
melduin8_thomas;melduin8_thomas;350;NA
MelJD46;MelJD46;2327;F
MellesBellesMcr;MellesBellesMcr;3134;F
mellyjt;mellyjt;214;M
meltemplespa;meltemplespa;101;M
MercedesAMGF1;MercedesAMGF1;1885515;F
MercedesAMGF1;MercedesAMGF1;1885538;F
MetallicNuance;MetallicNuance;1007;NA
metoffice;metoffice;573680;NA
metoffice;metoffice;573681;NA
metoffice;metoffice;573693;NA
metoffice;metoffice;573694;NA
metoffice;metoffice;573697;NA
metoffice;metoffice;573699;NA
MetroUK_Life;MetroUK_Life;10270;NA
MetroUK;MetroUK;271582;NA
mgmtminds;mgmtminds;608;NA
MhannonSarsh;MhannonSarsh;1761;NA
MidnyghtMint;MidnyghtMint;108;M
MikePannett;MikePannett;17285;M
Mimosabeauty;Mimosabeauty;1572;NA
MindyHussain;MindyHussain;5965;F
minitravellers;minitravellers;13275;NA
miriam_bidnell;miriam_bidnell;161;NA
MirrorCeleb;MirrorCeleb;90832;NA
Miserable_Me1;Miserable_Me1;5332;F
miss_steele89;miss_steele89;5112;F
Misscherryguest;Misscherryguest;537;F
MissPond;MissPond;5009;NA
Missybeelondon;Missybeelondon;1768;F
mlb5555ed;mlb5555ed;1751;NA
MLRPromoBiz2Biz;MLRPromoBiz2Biz;13548;NA
MLRVisualPromo;MLRVisualPromo;6419;NA
modelrecommends;modelrecommends;73394;F
modelrecommends;modelrecommends;73395;F
modelrecommends;modelrecommends;73396;F
modelsown;modelsown;87195;NA
MoleValleyDC;MoleValleyDC;5343;NA
MomResource;MomResource;32691;NA
monroeoflondon;monroeoflondon;941;M
Monrowe;Monrowe;10418;F
Monrowe;Monrowe;10418;NA
morethanMI5;morethanMI5;26405;NA
mowatt_victoria;mowatt_victoria;818;F
mpbazz;mpbazz;3541;NA
mpdesignerwear;mpdesignerwear;48559;NA
mr_wilf;mr_wilf;49;M
mrdavidwhitley;mrdavidwhitley;17383;M
mrjunaidbaloch;mrjunaidbaloch;1668;M
MrsD_Daily;MrsD_Daily;2430;F
mrsrockstarA;mrsrockstarA;413;NA
MrsVickiDay;MrsVickiDay;1438;F
MsAlliance;MsAlliance;3319;F
msayesha84;msayesha84;313;NA
MsKLBB;MsKLBB;1261;NA
MsMelanieSykes;MsMelanieSykes;194269;F
MummyBear123456;MummyBear123456;1444;NA
MummyFever;MummyFever;12483;NA
Mutant_Hamster;Mutant_Hamster;1153;M
Mxbel;Mxbel;2682;NA
MyFreedomNews;MyFreedomNews;6916;M
mypure;mypure;19315;NA
myracingtips;myracingtips;237099;NA
mythofechelon;mythofechelon;230;M
NA;NA;;F
NA;NA;NA;F
NA;NA;NA;M
NA;NA;NA;NA
nameisabellaa;nameisabellaa;12;NA
NarcissistMikey;NarcissistMikey;199;NA
Natalie41783835;Natalie41783835;23853;NA
nataliefee;nataliefee;3636;F
nataliewylde2;nataliewylde2;167;F
nationaltrust;nationaltrust;741698;NA
natwilliamsxx;natwilliamsxx;45874;F
naughtyfelicia;naughtyfelicia;19560;NA
naughtyfelicia;naughtyfelicia;19563;F
NeatNicheinWood;NeatNicheinWood;9829;NA
needleholeshop;needleholeshop;2997;NA
needleshunt;needleshunt;3875;NA
neha_abrxham;neha_abrxham;204;F
NeilSledding;NeilSledding;5374;NA
NeoStrataUK;NeoStrataUK;2311;NA
nesjloch;nesjloch;4921;F
NetworkNatter;NetworkNatter;19348;NA
NewMumOnline;NewMumOnline;9198;NA
NewsFromSPI;NewsFromSPI;2373;NA
newsoneplace;newsoneplace;951;NA
NHSChoices;NHSChoices;211801;NA
NHSEngland;NHSEngland;178859;NA
NHSEngland;NHSEngland;178860;NA
NHSEnglandSouth;NHSEnglandSouth;25291;NA
NHSLincsWest;NHSLincsWest;2316;NA
NHSNottingham;NHSNottingham;9577;NA
nicetoknow25;nicetoknow25;62;F
nicholala85;nicholala85;451;F
nick_chater;nick_chater;14053;M
nickripp;nickripp;41454;M
Nicky_NormShine;Nicky_NormShine;514;F
nicolabrownxxx;nicolabrownxxx;5124;NA
Nicolasgwet;Nicolasgwet;6443;M
Nicolasgwet;Nicolasgwet;6444;M
NigelPearceBude;NigelPearceBude;17662;M
NikeshSamo;NikeshSamo;1636;NA
Nikkichewits;Nikkichewits;1223;M
NinaWmakeup;NinaWmakeup;33365;F
NishiV_MUA;NishiV_MUA;3300;F
No1Plant;No1Plant;684;NA
noelmaguireSF;noelmaguireSF;738;M
NoelsC13;NoelsC13;6951;NA
NorfolkBea;NorfolkBea;3194;F
NorwichCC;NorwichCC;20565;NA
Notinaboyband;Notinaboyband;1023;NA
notreallyruth_;notreallyruth_;1863;NA
notsoquietgrrl;notsoquietgrrl;1829;F
Nottingham_Post;Nottingham_Post;128459;NA
NottinghamPost;NottinghamPost;48484;NA
nottmhospitals;nottmhospitals;12383;NA
nuddypants;nuddypants;3854;M
NWAmbulance;NWAmbulance;29609;NA
O_G_Log;O_G_Log;2322;NA
OfficalSamCarr4;OfficalSamCarr4;922;NA
OfficialBSB;OfficialBSB;78712;NA
OFFICIALWMAS;OFFICIALWMAS;33686;NA
OFFICIALWMAS;OFFICIALWMAS;33687;NA
ohimaa_;ohimaa_;1082;NA
Oilslickfrog;Oilslickfrog;660;NA
olabodedemilola;olabodedemilola;1695;M
OlgaNM7;OlgaNM7;36488;NA
olivia_crockett;olivia_crockett;403;F
Oliviaahopp;Oliviaahopp;914;F
OlivierBranford;OlivierBranford;152870;M
OlivierBranford;OlivierBranford;152871;M
OlivierBranford;OlivierBranford;152872;M
OlivierBranford;OlivierBranford;152873;M
onedayatatime74;onedayatatime74;4924;NA
Oog;Oog;1578;F
orchidsretreat;orchidsretreat;712;F
OUFreeLearning;OUFreeLearning;13737;NA
ourrachblogs;ourrachblogs;6623;F
owen_author;owen_author;36292;M
owen_author;owen_author;36293;M
PalmersUK;PalmersUK;12316;NA
ParentingKnow;ParentingKnow;1973;F
pariejoshi;pariejoshi;6913;NA
Parsnip_Pete;Parsnip_Pete;1938;NA
pat_rogan;pat_rogan;239;M
PatentPurple;PatentPurple;2344;NA
patto1878;patto1878;1659;NA
paul_cude;paul_cude;100369;M
paul_cude;paul_cude;100371;M
PaulasChoice_UK;PaulasChoice_UK;2632;NA
pcjonnygould;pcjonnygould;12001;M
peepeyewear;peepeyewear;248;M
peridotmatrix;peridotmatrix;279;F
peterboroloves;peterboroloves;632;M
petownershub;petownershub;35326;NA
petownershub;petownershub;35327;NA
petownershub;petownershub;35328;NA
pinkspyderuk;pinkspyderuk;1749;F
pinkspyderuk;pinkspyderuk;1750;F
PINKTEEGAN;PINKTEEGAN;6786;NA
pintsizedtweets;pintsizedtweets;8165;F
pjmac0;pjmac0;160;F
planetmuzicktv;planetmuzicktv;22287;NA
planetmuzicktv;planetmuzicktv;22288;NA
planetmuzicktv;planetmuzicktv;22289;NA
PlanetNewsSpace;PlanetNewsSpace;128788;NA
PlanetNewsSpace;PlanetNewsSpace;128793;NA
PlanetNewsSpace;PlanetNewsSpace;128794;NA
PlantJacqueline;PlantJacqueline;5820;F
plumpypipsqueak;plumpypipsqueak;1213;NA
pmi_expert;pmi_expert;341;NA
Politicub;Politicub;2589;M
poppyscupcakes;poppyscupcakes;33298;NA
POPSUGARUK;POPSUGARUK;50185;NA
Positiveday2Day;Positiveday2Day;2645;F
PositiveLad;PositiveLad;13391;M
PreparedInEssex;PreparedInEssex;2517;NA
PriceDash;PriceDash;9144;M
privateclinic;privateclinic;6638;NA
PsOprotest;PsOprotest;572;NA
PureBeauty0;PureBeauty0;1238;F
putyoursisterd1;putyoursisterd1;5412;F
pxrade;pxrade;2394;M
QMSskinspa;QMSskinspa;3414;NA
Queenjunkfood;Queenjunkfood;78;F
QueenSandy_CFC;QueenSandy_CFC;26916;NA
queenswoodstudi;queenswoodstudi;321;F
Quibellp;Quibellp;16374;NA
Quibellp;Quibellp;16376;NA
Quibellp;Quibellp;16377;NA
Quibellp;Quibellp;16378;NA
QuibellPaul;QuibellPaul;44052;M
QuibellPaul;QuibellPaul;44053;M
QuibellPaul;QuibellPaul;44054;M
QuibellPaul;QuibellPaul;44055;M
QuibellPaul;QuibellPaul;44056;M
QuibellPaul;QuibellPaul;44057;M
qvcuk;qvcuk;55440;NA
r5ftmcfly;r5ftmcfly;5487;F
Racheyy;Racheyy;814;F
RadioAirwaves1;RadioAirwaves1;226;NA
radiostephen;radiostephen;13720;M
RaeOfSun_x;RaeOfSun_x;568;F
Rainbow_Annelie;Rainbow_Annelie;3105;F
Rainbow_Annelie;Rainbow_Annelie;3105;NA
raisethewaves;raisethewaves;1664;M
randommusings29;randommusings29;8148;NA
rastamiller;rastamiller;2834;NA
rbp77;rbp77;2094;NA
rbruce_t;rbruce_t;3728;M
rcwoolsey;rcwoolsey;1075;M
RebeccaAomame;RebeccaAomame;984;NA
reddy1408;reddy1408;2749;NA
RedMagDaily;RedMagDaily;101550;NA
RedMedusa13;RedMedusa13;1121;F
ReedAlan1953;ReedAlan1953;655;M
Rejiaku;Rejiaku;7219;NA
RespectYourself;RespectYourself;125868;NA
rhiannaoliviab;rhiannaoliviab;15169;F
RhiannonBlog;RhiannonBlog;670;F
RhysFields;RhysFields;371;NA
riannalondon_;riannalondon_;1053;F
RichardCowley2;RichardCowley2;3303;M
Rigby_financial;Rigby_financial;1930;NA
RileyPugalier;RileyPugalier;1184;F
rnsills;rnsills;1229;NA
Rob_Hammond;Rob_Hammond;4968;M
RobbieLeeCook95;RobbieLeeCook95;1823;M
Robbo_x_;Robbo_x_;6810;NA
roberteddison1;roberteddison1;30334;M
robtherascal;robtherascal;378;M
rocknrollnerd_;rocknrollnerd_;814;F
Roger08Roger;Roger08Roger;8757;M
Roselady64;Roselady64;2008;F
Royal_Shopper;Royal_Shopper;3878;NA
RoyalSpectator;RoyalSpectator;2752;NA
Rubbastuff;Rubbastuff;655;NA
Ruby__king;Ruby__king;3469;F
RunnersKnees;RunnersKnees;7568;NA
RunnersKnees;RunnersKnees;7569;NA
runnersworlduk;runnersworlduk;87834;NA
rusticrobin;rusticrobin;403;F
ruth_pickford;ruth_pickford;1745;F
ruth120067;ruth120067;3594;F
s4ss77;s4ss77;1124;NA
Sadhbhlikedive;Sadhbhlikedive;1062;F
safaridjh;safaridjh;18525;F
safaridjh;safaridjh;18526;NA
SafeSkipper;SafeSkipper;5413;NA
safronprice;safronprice;3666;F
SagaUK;SagaUK;47178;F
sallysimpson11;sallysimpson11;1216;NA
sambake25654461;sambake25654461;167;M
SamGouldson;SamGouldson;1174;NA
Saminzki;Saminzki;3238;NA
Sammih87;Sammih87;1213;NA
SamTongeWriter;SamTongeWriter;9552;F
Sanbel11;Sanbel11;13191;F
sandbunnys;sandbunnys;3343;F
Sarahloolaa;Sarahloolaa;17956;F
SaundersfootCFT;SaundersfootCFT;3353;NA
scarletmonahan;scarletmonahan;1701731;NA
schestowitz;schestowitz;7348;M
schmallclaxton;schmallclaxton;548;F
scienmag;scienmag;184296;NA
scienmag;scienmag;184297;NA
scienmag;scienmag;184298;NA
SciPhiKat;SciPhiKat;20105;F
Sconein60Secons;Sconein60Secons;1406;NA
scott_trudi;scott_trudi;4183;F
SDRHK_;SDRHK_;2628;NA
SeasonDeeper;SeasonDeeper;12584;NA
Sebby_Williams;Sebby_Williams;2359;NA
Sectioned_;Sectioned_;29891;NA
SelenaThePlaces;SelenaThePlaces;4162;F
Selinastreet1;Selinastreet1;998;F
Serendipitia_x;Serendipitia_x;1222;F
SGWeberUK;SGWeberUK;3414;NA
ShadeyLambert;ShadeyLambert;658;NA
shanalala_;shanalala_;2527;NA
shaynafaithx;shaynafaithx;1434;M
sheasoul_uk;sheasoul_uk;880;NA
sheepgoesmeep;sheepgoesmeep;302;M
ShitJokes;ShitJokes;224318;NA
shonamackie;shonamackie;6250;F
shopping4all101;shopping4all101;70778;NA
shopping4all101;shopping4all101;70779;NA
shopping4all101;shopping4all101;70782;NA
shopping4all101;shopping4all101;70783;NA
ShropshireStar;ShropshireStar;76243;NA
silviaz80;silviaz80;2097;F
SimisKitchen;SimisKitchen;2135;M
singingbathmatt;singingbathmatt;1068;NA
SJB6991;SJB6991;16712;M
SkiesWrld;SkiesWrld;1430;F
skiinsurance;skiinsurance;2799;NA
Skinade;Skinade;29508;NA
SkinCeuticalsUK;SkinCeuticalsUK;2575;NA
SkyAppsFacts;SkyAppsFacts;18735;NA
slimlinesweet;slimlinesweet;1192;M
SmallPublishers;SmallPublishers;2368;NA
Smhumm;Smhumm;1679;M
SmolBeanSabby;SmolBeanSabby;4724;F
soaptacular;soaptacular;246;F
Soapy_Wit_Tank;Soapy_Wit_Tank;491;NA
Soapy_Wit_Tank;Soapy_Wit_Tank;492;NA
sofiatealy;sofiatealy;8871;F
SomercoResearch;SomercoResearch;30671;NA
SongoftheOss;SongoftheOss;4074;M
Sophlaaarr;Sophlaaarr;645;NA
SouthendBC;SouthendBC;14533;NA
Southyorksbizz;Southyorksbizz;3097;NA
Sparkle__Monkey;Sparkle__Monkey;5700;NA
SPEARLondon;SPEARLondon;1338;NA
SpinninAlb;SpinninAlb;2150;M
SPServicesUK;SPServicesUK;15484;NA
squidgyhowell;squidgyhowell;872;NA
Sqwizzey;Sqwizzey;896;NA
SShibon;SShibon;1426;NA
StaceTheKing;StaceTheKing;294;NA
Stantclayton;Stantclayton;302;M
StartleMusic;StartleMusic;1830;NA
statvoo;statvoo;6307;NA
StephanieKeill;StephanieKeill;1378;NA
Stephenpike20;Stephenpike20;164;M
StephRoxanne94;StephRoxanne94;394;F
Steve11607807;Steve11607807;466;NA
steve20172;steve20172;836;NA
stevenarthursim;stevenarthursim;3527;M
stevieboyh;stevieboyh;105304;M
sthelensstar;sthelensstar;15422;NA
Stingraytwo;Stingraytwo;2597;M
stjohnambulance;stjohnambulance;44045;M
StMichaelsHosp;StMichaelsHosp;6180;NA
Storm_Diva_Army;Storm_Diva_Army;1863;M
Strand0nBeauty;Strand0nBeauty;4295;NA
Stu64Mart;Stu64Mart;563;M
StuartKenyon81;StuartKenyon81;26707;M
StylistMagazine;StylistMagazine;698877;NA
StylistMagazine;StylistMagazine;698879;NA
StylistMagazine;StylistMagazine;698880;NA
SugarGretel;SugarGretel;15446;F
SummerlovinX1;SummerlovinX1;538;NA
sunhoseokk;sunhoseokk;1882;NA
Super_NaturalUK;Super_NaturalUK;909;NA
superbphan;superbphan;2052;NA
superdrug;superdrug;164939;NA
SuperIsraelites;SuperIsraelites;14869;NA
SuperJellyMcG;SuperJellyMcG;696;NA
superpidge;superpidge;120431;M
superpidge;superpidge;120432;M
SuRoys1;SuRoys1;541;F
Surrey_Matters;Surrey_Matters;38242;NA
SusiB348;SusiB348;1993;F
SuzzledMind;SuzzledMind;1068;F
swannpty;swannpty;606;NA
SwanseaCouncil;SwanseaCouncil;41808;NA
SwanseaUni;SwanseaUni;37560;NA
sweetAbby20;sweetAbby20;3504;F
Syl_julekalungi;Syl_julekalungi;3245;F
SymphonyMind;SymphonyMind;4666;NA
SynchEarth;SynchEarth;1841;NA
T_Sweetalicious;T_Sweetalicious;1373;M
taffymel;taffymel;63;F
talkdaybright;talkdaybright;540;NA
tamalyn1;tamalyn1;9257;NA
Tanya_oOo;Tanya_oOo;426;F
Tanya_Sheree;Tanya_Sheree;1189;NA
TashOldershaw;TashOldershaw;483;NA
tassssk;tassssk;315;M
TattooedTeaLady;TattooedTeaLady;16016;NA
TattooNewsUK;TattooNewsUK;5355;NA
TAWilliamsBooks;TAWilliamsBooks;5064;NA
TCH2uUkComps;TCH2uUkComps;3062;NA
tcyclinguk;tcyclinguk;317;NA
TealBrenda;TealBrenda;1248;F
TealBrenda;TealBrenda;1250;F
TeenyWhale;TeenyWhale;788;F
TekSavages;TekSavages;1861;NA
TeleFashion;TeleFashion;148543;NA
Telegraph;Telegraph;2234190;NA
Telegraph;Telegraph;2234212;NA
Tesco;Tesco;506548;NA
Tesco;Tesco;506550;NA
TessyMKarina;TessyMKarina;1039;F
The_Evil_Barbie;The_Evil_Barbie;5589;NA
The_Gazette;The_Gazette;49123;NA
The_Ting_Thing;The_Ting_Thing;3575;NA
The_Ting_Thing;The_Ting_Thing;3576;NA
TheaCarr;TheaCarr;788;NA
TheBodyShopUK;TheBodyShopUK;140741;NA
TheCattyLady;TheCattyLady;7622;NA
TheChicGeekcouk;TheChicGeekcouk;14184;NA
TheDeeWhoLived;TheDeeWhoLived;4696;F
TheDrum;TheDrum;192116;NA
thefaizroslan;thefaizroslan;3293;NA
TheFitLook;TheFitLook;1621;F
thehealthything;thehealthything;3381;NA
thehealthything;thehealthything;3383;NA
theIastpoets;theIastpoets;2137;NA
TheIndigoHours;TheIndigoHours;4631;M
TheIndyBest;TheIndyBest;3792;NA
TheIndyBusiness;TheIndyBusiness;8362;NA
theipaper;theipaper;92521;NA
theipaper;theipaper;92524;NA
TheLavenderBarn;TheLavenderBarn;5364;NA
thelongesttry;thelongesttry;1234;M
thelovecatsinc;thelovecatsinc;22480;F
themodeldoc;themodeldoc;398;NA
ThePocketJustin;ThePocketJustin;9777;M
TheSoloWandera;TheSoloWandera;6790;NA
TheSun;TheSun;1318146;NA
TheSun;TheSun;1318148;NA
TheSunCareShop;TheSunCareShop;2845;NA
thetimes;thetimes;1020357;NA
TheVeganSociety;TheVeganSociety;152125;NA
TheVeganSociety;TheVeganSociety;152126;NA
TheVeganSociety;TheVeganSociety;152128;NA
TheVeganSociety;TheVeganSociety;152131;NA
thevirtuousvxn;thevirtuousvxn;310;F
thick_brunette;thick_brunette;1622;F
ThisIsKingle;ThisIsKingle;632;F
ThisIsMax;ThisIsMax;84247;M
thismorning;thismorning;1672084;NA
ThomsonHolidays;ThomsonHolidays;143636;NA
ThomsonHolidays;ThomsonHolidays;143638;NA
TimesFashion;TimesFashion;2481518;NA
TinBoxTraveller;TinBoxTraveller;9778;M
Tjpixy;Tjpixy;1897;M
TMBC_Kent;TMBC_Kent;3489;NA
toffeebet;toffeebet;1009;F
tombomp;tombomp;4006;M
TomHarringotn;TomHarringotn;379;M
TonyRobinsonOBE;TonyRobinsonOBE;18625;M
topbananamate;topbananamate;239;NA
topsyskat;topsyskat;843;F
topsyskat;topsyskat;845;F
TosinHill;TosinHill;750;NA
TraceyHalpin;TraceyHalpin;1462;F
trafficscotland;trafficscotland;198017;NA
travelt2go;travelt2go;4203;NA
treezyoung;treezyoung;3621;F
TropicSkincare;TropicSkincare;49992;NA
TropicSuziFish;TropicSuziFish;492;F
Trudeestweets;Trudeestweets;3751;NA
tubbssnomore;tubbssnomore;1560;M
uberwatch;uberwatch;1271;M
uberwatch;uberwatch;1282;M
Ug_UkCrawley;Ug_UkCrawley;9060;NA
ughteegs;ughteegs;1963;F
UK_is_ONE;UK_is_ONE;1132;M
UKBloggers1;UKBloggers1;23200;M
UKPaidResearch;UKPaidResearch;5549;NA
UKRunChat;UKRunChat;55209;NA
UKRunChat;UKRunChat;55210;NA
UkTriChat;UkTriChat;13778;NA
UKWomensHealth;UKWomensHealth;58196;NA
uniquegalore;uniquegalore;4355;NA
unstablealien;unstablealien;1288;NA
UpLateAtNightAg;UpLateAtNightAg;1027;NA
uso_roman;uso_roman;563;M
V82CHRIS;V82CHRIS;8196;M
valmcbeath;valmcbeath;6380;NA
valturner11;valturner11;535;NA
vaselby;vaselby;1589;F
VChairSPF;VChairSPF;1896;M
velvetsilk;velvetsilk;2051;M
VelvetWarms;VelvetWarms;15981;NA
VenomsDevil;VenomsDevil;727;M
vetrissimo;vetrissimo;9381;NA
vickeblueyes;vickeblueyes;4481;F
vicki_s__tweets;vicki_s__tweets;3389;F
Vickiking_2389;Vickiking_2389;3068;F
vicky__king;vicky__king;4554;F
vicky_and_co;vicky_and_co;734;NA
victoriagreen;victoriagreen;5729;F
VictoriaHanlen;VictoriaHanlen;2813;F
victwts;victwts;85;M
VinF92;VinF92;1188;M
VIPMums;VIPMums;9286;NA
VirginHolidays;VirginHolidays;67491;NA
VIS_World_;VIS_World_;1832;NA
VLmagazine;VLmagazine;49884;NA
vosie;vosie;716;M
vovolifestyle;vovolifestyle;5311;NA
Vvadaaa;Vvadaaa;1965;NA
Waggy_rascal;Waggy_rascal;2732;M
WalesCoastPath;WalesCoastPath;20700;NA
WalulasLap;WalulasLap;3997;F
warriorcatroar;warriorcatroar;1034;NA
WaterhouseYoung;WaterhouseYoung;1318;NA
We_Know_Skin;We_Know_Skin;3735;NA
WeAreCallidus;WeAreCallidus;2563;NA
weareJEMSocial;weareJEMSocial;1114;NA
Weebly_one;Weebly_one;1728;F
weedseeds_UK;weedseeds_UK;14631;NA
weight_loss_TG;weight_loss_TG;1253;M
Weldricks;Weldricks;416;NA
wellpharmacy;wellpharmacy;3304;NA
Welshbeard;Welshbeard;3209;NA
WestEndFi;WestEndFi;971;NA
whatkatie_did;whatkatie_did;2915;F
whatlauraloves;whatlauraloves;97968;NA
whatsonsthelens;whatsonsthelens;10842;NA
whitehousekent;whitehousekent;268;M
Whitelacemusic;Whitelacemusic;965;M
Williamtheb;Williamtheb;2568;NA
wills_memorial;wills_memorial;68338;NA
WindermereApp;WindermereApp;9728;NA
Witch_Burner;Witch_Burner;4367;NA
WITW_JENice;WITW_JENice;594;NA
wommagazineuk;wommagazineuk;56620;NA
wotawoman;wotawoman;1195;NA
WOWbeaute;WOWbeaute;3447;F
wowfreestuffwow;wowfreestuffwow;44708;NA
WriterRowan;WriterRowan;22856;M
wwwbhta;wwwbhta;4060;NA
xanthussworld;xanthussworld;730;NA
Xennia79;Xennia79;3806;F
xxLovelyLisaxx;xxLovelyLisaxx;984;F
XXXVideoEditor;XXXVideoEditor;15219;NA
YauFlower;YauFlower;550;NA
YorkshireRacing;YorkshireRacing;4788;NA
YorkshireTiger;YorkshireTiger;1153;NA
youaremyworld99;youaremyworld99;21944;F
youcanbhealthy;youcanbhealthy;55611;NA
youcanbhealthy;youcanbhealthy;55612;NA
youcanbhealthy;youcanbhealthy;55616;NA
YouGov;YouGov;131545;NA
Yusufdontcare;Yusufdontcare;120;M
zahraaamirat;zahraaamirat;1815;NA
zara_zara101;zara_zara101;151;F
zenas_suitcase;zenas_suitcase;24884;NA
ZeroDryTimeUK;ZeroDryTimeUK;1816;NA
zlingman;zlingman;4076;M